qb,att,cmp,yds,ypa,td,int,lg,sack,loss,rate,game_points,home_away,year
Joey HarringtonJ. Harrington,32,23,199,6.2,0,2,15,6,30,61.8,3,away,2007
Tarvaris JacksonT. Jackson,23,13,163,7.1,1,1,60t,0,0,75.1,24,home,2007
Jake DelhommeJ. Delhomme,27,18,199,7.4,3,0,68t,0,0,125.4,27,away,2007
Marc BulgerM. Bulger,42,22,167,4.0,1,0,18,1,5,70.2,13,home,2007
Jay CutlerJ. Cutler,39,23,304,7.8,1,1,34,1,5,81.6,15,away,2007
J.P. LosmanJ. Losman,21,14,97,4.6,0,1,19,2,25,57.0,14,home,2007
Damon HuardD. Huard,33,22,168,5.1,0,2,25,3,21,53.6,3,away,2007
Matt SchaubM. Schaub,22,16,225,10.2,1,1,77t,2,19,101.5,20,home,2007
Trent GreenT. Green,38,24,219,5.8,1,0,28,2,12,87.5,13,away,2007
Jason CampbellJ. Campbell,21,12,222,10.6,0,2,54,2,13,54.2,16,home,2007
Tom BradyT. Brady,28,22,297,10.6,3,0,51t,0,0,146.6,38,away,2007
Chad PenningtonC. Pennington,21,16,167,8.0,2,0,17,4,30,130.5,14,home,2007
Kellen ClemensK. Clemens,10,5,35,3.5,0,0,11,1,5,58.3,14,home,2007
Donovan McNabbD. McNabb,33,15,184,5.6,1,1,37,1,4,60.7,13,away,2007
Brett FavreB. Favre,42,23,206,4.9,0,1,22,4,37,58.2,16,home,2007
Ben RoethlisbergerB. Roethlisberger,23,12,161,7.0,4,0,40t,1,2,114.3,34,away,2007
Derek AndersonD. Anderson,28,13,184,6.6,1,1,30,1,12,65.2,7,home,2007
Charlie FryeC. Frye,10,4,34,3.4,0,1,15,5,31,10.0,7,home,2007
Vince YoungV. Young,18,11,78,4.3,0,1,21,1,6,47.9,13,away,2007
Kerry CollinsK. Collins,0,0,0,0.0,0,0,0,1,4,0.0,13,away,2007
David GarrardD. Garrard,30,17,204,6.8,1,0,47t,3,7,88.8,10,home,2007
Rex GrossmanR. Grossman,23,12,145,6.3,0,1,24,3,23,53.7,3,away,2007
Philip RiversP. Rivers,31,22,190,6.1,0,1,20,3,21,73.3,14,home,2007
LaDainian TomlinsonL. Tomlinson,1,1,17,17.0,1,0,17t,0,0,158.3,14,home,2007
Jon KitnaJ. Kitna,36,27,289,8.0,3,2,32t,2,5,102.7,36,away,2007
Josh McCownJ. McCown,40,30,313,7.8,2,2,42,3,30,93.0,21,home,2007
Jeff GarciaJ. Garcia,27,19,201,7.4,0,0,49,3,11,91.7,6,away,2007
Luke McCownL. McCown,4,1,9,2.2,0,0,9,2,5,39.6,6,away,2007
Matt HasselbeckM. Hasselbeck,24,17,222,9.2,1,0,49,2,18,113.5,20,home,2007
Eli ManningE. Manning,41,28,312,7.6,4,1,60t,1,5,113.1,35,away,2007
Jared LorenzenJ. Lorenzen,3,1,7,2.3,0,0,7,0,0,42.4,35,away,2007
Tony RomoT. Romo,24,15,345,14.4,4,1,51t,1,9,128.5,45,home,2007
Steve McNairS. McNair,34,20,203,6.0,0,1,21,2,15,63.7,20,away,2007
Kyle BollerK. Boller,6,2,19,3.2,0,1,14,0,0,3.5,20,away,2007
Carson PalmerC. Palmer,32,20,194,6.1,2,0,39t,1,13,100.3,27,home,2007
Matt LeinartM. Leinart,28,14,102,3.6,1,2,15,1,2,41.1,17,away,2007
Alex SmithA. Smith,31,15,126,4.1,0,0,22,3,24,59.3,20,home,2007
Joey HarringtonJ. Harrington,20,12,200,10.0,0,0,35,7,34,93.8,7,away,2007
David GarrardD. Garrard,25,17,272,10.9,1,0,33,4,21,117.4,13,home,2007
J.P. LosmanJ. Losman,25,15,154,6.2,0,0,22,4,33,77.8,3,away,2007
Ben RoethlisbergerB. Roethlisberger,34,21,242,7.1,1,1,30,1,6,80.8,26,home,2007
Carson PalmerC. Palmer,50,33,401,8.0,6,2,32,1,7,113.4,45,away,2007
Derek AndersonD. Anderson,33,20,328,9.9,5,1,37t,0,0,121.0,51,home,2007
Brett FavreB. Favre,38,29,286,7.5,3,1,46,1,1,112.4,35,away,2007
Eli ManningE. Manning,29,16,211,7.3,1,1,40,1,8,75.5,13,home,2007
Anthony WrightA. Wright,6,1,12,2.0,0,0,12,0,0,39.6,13,home,2007
Jared LorenzenJ. Lorenzen,5,3,21,4.2,0,0,9,1,5,69.6,13,home,2007
Matt SchaubM. Schaub,28,20,227,8.1,2,0,33,0,0,119.2,34,away,2007
Jake DelhommeJ. Delhomme,41,27,316,7.7,3,1,74t,3,29,103.3,21,home,2007
Peyton ManningP. Manning,42,28,312,7.4,1,1,37,2,12,86.6,22,away,2007
Vince YoungV. Young,27,17,184,6.8,1,0,48,3,12,95.3,20,home,2007
Drew BreesD. Brees,44,26,260,5.9,1,1,58,2,16,74.1,14,away,2007
Jeff GarciaJ. Garcia,16,10,243,15.2,2,0,69t,0,0,145.8,31,home,2007
Alex SmithA. Smith,17,11,126,7.4,0,0,34,4,29,86.9,17,away,2007
Marc BulgerM. Bulger,41,24,368,9.0,1,0,37,6,37,96.4,16,home,2007
Tony RomoT. Romo,29,14,186,6.4,2,0,34t,1,0,92.0,37,away,2007
Trent GreenT. Green,40,23,287,7.2,2,4,26,2,14,57.0,20,home,2007
Tarvaris JacksonT. Jackson,33,17,166,5.0,0,4,24,1,0,26.4,17,away,2007
Brooks BollingerB. Bollinger,4,3,26,6.5,0,0,11,1,2,91.7,17,away,2007
Jon KitnaJ. Kitna,32,22,245,7.7,1,1,20,1,16,88.7,20,home,2007
J.T. O'SullivanJ. O'Sullivan,24,13,148,6.2,1,2,42,3,18,52.1,20,home,2007
Matt HasselbeckM. Hasselbeck,36,22,281,7.8,1,0,37,1,3,94.8,20,away,2007
Matt LeinartM. Leinart,37,23,299,8.1,1,1,40,0,0,85.3,23,home,2007
Damon HuardD. Huard,28,19,175,6.2,1,1,31,3,16,81.7,10,away,2007
Brodie CroyleB. Croyle,4,4,55,13.8,0,0,32,1,3,118.8,10,away,2007
Rex GrossmanR. Grossman,34,20,160,4.7,1,2,21,3,28,56.0,20,home,2007
Kellen ClemensK. Clemens,37,19,260,7.0,1,2,50,4,25,60.6,13,away,2007
Kyle BollerK. Boller,35,23,185,5.3,2,0,37,0,0,97.9,20,home,2007
Josh McCownJ. McCown,16,8,73,4.6,1,3,46t,4,20,44.0,20,away,2007
Ronald CurryR. Curry,1,0,0,0.0,0,0,0,0,0,39.6,20,away,2007
Jay CutlerJ. Cutler,33,23,269,8.2,1,2,24,2,9,79.0,23,home,2007
Philip RiversP. Rivers,30,19,179,6.0,2,2,22,3,30,74.2,14,away,2007
Tom BradyT. Brady,31,25,279,9.0,3,1,34,2,16,123.0,38,home,2007
Jason CampbellJ. Campbell,29,16,209,7.2,1,1,48,1,2,75.2,20,away,2007
Donovan McNabbD. McNabb,46,28,240,5.2,0,0,19,3,14,74.5,12,home,2007
Matt LeinartM. Leinart,20,9,53,2.6,0,0,10,1,8,52.1,23,away,2007
Kurt WarnerK. Warner,20,15,258,12.9,2,0,37,0,0,150.0,23,away,2007
Steve McNairS. McNair,27,20,198,7.3,1,0,26,2,22,106.7,26,home,2007
Kyle BollerK. Boller,10,8,83,8.3,0,0,24,2,7,101.2,26,home,2007
Trent EdwardsT. Edwards,20,10,97,4.8,0,1,21,1,9,43.1,7,away,2007
J.P. LosmanJ. Losman,1,1,4,4.0,0,0,4,1,9,83.3,7,away,2007
Tom BradyT. Brady,29,23,311,10.7,4,0,45t,1,3,150.9,38,home,2007
Jon KitnaJ. Kitna,46,29,446,9.7,2,1,91t,10,53,100.5,21,away,2007
Donovan McNabbD. McNabb,26,21,381,14.7,4,0,68t,1,5,158.3,56,home,2007
Kevin KolbK. Kolb,0,0,0,0.0,0,0,0,2,13,0.0,56,home,2007
Peyton ManningP. Manning,29,20,273,9.4,1,0,64,1,3,110.3,30,away,2007
Matt SchaubM. Schaub,33,27,236,7.2,1,2,41,3,22,81.3,24,home,2007
Trent GreenT. Green,36,23,318,8.8,1,1,43,1,6,89.8,28,away,2007
Chad PenningtonC. Pennington,22,15,124,5.6,2,0,23,1,9,112.7,31,home,2007
Kelly HolcombK. Holcomb,28,14,169,6.0,0,0,35,5,36,68.9,10,away,2007
Mewelde MooreM. Moore,1,0,0,0.0,0,0,0,0,0,39.6,10,away,2007
Damon HuardD. Huard,29,20,206,7.1,1,0,25,1,5,100.6,13,home,2007
Philip RiversP. Rivers,36,27,306,8.5,3,1,27t,2,15,116.2,24,away,2007
Brett FavreB. Favre,45,28,369,8.2,3,0,57t,2,6,110.3,31,home,2007
Alex SmithA. Smith,35,17,209,6.0,1,1,31,2,11,65.1,16,away,2007
Ben RoethlisbergerB. Roethlisberger,20,13,160,8.0,1,0,29,2,15,106.2,37,home,2007
Marc BulgerM. Bulger,26,17,116,4.5,0,3,18,1,7,35.6,3,away,2007
Jeff GarciaJ. Garcia,22,14,151,6.9,0,0,17,1,11,83.7,24,home,2007
Carson PalmerC. Palmer,43,27,342,8.0,1,2,35t,2,14,75.9,21,away,2007
Matt HasselbeckM. Hasselbeck,37,24,248,6.7,3,2,42t,2,10,88.6,24,home,2007
Derek AndersonD. Anderson,37,18,248,6.7,1,2,33,1,24,57.0,24,away,2007
Daunte CulpepperD. Culpepper,14,8,118,8.4,0,0,27,1,11,84.8,26,home,2007
Josh McCownJ. McCown,12,6,108,9.0,1,0,41t,1,5,109.0,26,home,2007
David GarrardD. Garrard,20,14,154,7.7,1,0,23,3,14,109.2,23,away,2007
Jay CutlerJ. Cutler,23,16,222,9.7,1,1,49,1,4,96.6,14,home,2007
Jake DelhommeJ. Delhomme,18,10,109,6.1,2,0,29,2,17,110.6,27,away,2007
David CarrD. Carr,4,3,56,14.0,0,0,38,1,10,116.7,27,away,2007
Joey HarringtonJ. Harrington,44,31,361,8.2,2,0,69t,1,10,110.1,20,home,2007
Eli ManningE. Manning,36,21,232,6.4,1,2,33t,2,13,63.7,24,away,2007
Jason CampbellJ. Campbell,34,16,190,5.6,1,0,49,2,12,74.4,17,home,2007
Tony RomoT. Romo,35,22,329,9.4,2,1,35,3,29,100.8,34,away,2007
Rex GrossmanR. Grossman,32,15,195,6.1,0,3,52,3,31,27.5,10,home,2007
Robbie GouldR. Gould,1,0,0,0.0,0,0,0,0,0,39.6,10,home,2007
Vince YoungV. Young,22,14,164,7.5,2,1,35t,0,0,97.5,31,away,2007
Kerry CollinsK. Collins,4,4,22,5.5,0,0,8,0,0,89.6,31,away,2007
Drew BreesD. Brees,45,29,225,5.0,0,4,37,1,7,39.6,14,home,2007
Steve McNairS. McNair,53,34,307,5.8,1,1,30,0,0,78.1,13,away,2007
Derek AndersonD. Anderson,18,10,204,11.3,2,1,78t,0,0,109.5,27,home,2007
Brian GrieseB. Griese,52,34,286,5.5,2,3,26,6,52,68.3,27,away,2007
Jon KitnaJ. Kitna,24,20,247,10.3,2,0,49,6,32,137.3,37,home,2007
Brett FavreB. Favre,45,32,344,7.6,2,0,36,1,6,108.0,23,away,2007
Kelly HolcombK. Holcomb,39,21,258,6.6,1,1,40,5,31,72.4,16,home,2007
Matt SchaubM. Schaub,40,28,317,7.9,1,0,45,1,6,101.8,16,away,2007
Joey HarringtonJ. Harrington,29,23,223,7.7,2,0,34,2,9,121.7,26,home,2007
Chad PenningtonC. Pennington,39,32,291,7.5,1,2,29,1,4,84.9,14,away,2007
Trent EdwardsT. Edwards,28,22,234,8.4,1,1,27,2,16,98.5,17,home,2007
Daunte CulpepperD. Culpepper,12,5,75,6.2,2,0,27t,1,5,102.4,35,away,2007
Trent GreenT. Green,25,14,158,6.3,1,2,35,2,21,55.1,17,home,2007
Marc BulgerM. Bulger,24,11,114,4.8,0,1,24,3,18,42.7,7,away,2007
Gus FrerotteG. Frerotte,6,3,29,4.8,0,0,12,0,0,63.9,7,away,2007
Tony RomoT. Romo,33,21,339,10.3,3,1,59t,1,8,115.6,35,home,2007
Matt HasselbeckM. Hasselbeck,31,23,281,9.1,2,1,65,2,3,109.7,23,away,2007
Seneca WallaceS. Wallace,1,0,0,0.0,0,0,0,0,0,39.6,23,away,2007
Trent DilferT. Dilfer,33,12,128,3.9,0,2,22,5,43,23.3,3,home,2007
Alex SmithA. Smith,1,0,0,0.0,0,0,0,1,10,39.6,3,home,2007
Jeff GarciaJ. Garcia,25,15,176,7.0,0,0,56,0,0,81.4,20,away,2007
David CarrD. Carr,41,19,155,3.8,1,1,24t,3,18,54.4,7,home,2007
Jay CutlerJ. Cutler,21,13,131,6.2,1,1,24,1,0,75.7,20,away,2007
Peyton ManningP. Manning,27,20,193,7.1,3,0,27,0,0,130.6,38,home,2007
Damon HuardD. Huard,29,17,284,9.8,2,2,51t,2,20,86.0,30,away,2007
Philip RiversP. Rivers,42,21,211,5.0,0,2,39,1,11,44.8,16,home,2007
Ben RoethlisbergerB. Roethlisberger,32,17,244,7.6,2,2,43t,4,39,72.9,14,away,2007
Kurt WarnerK. Warner,21,14,132,6.3,1,0,20,1,6,99.7,21,home,2007
Matt LeinartM. Leinart,14,7,93,6.6,0,0,38,1,4,71.4,21,home,2007
Donovan McNabbD. McNabb,31,15,138,4.5,0,0,15,12,62,61.0,3,away,2007
Eli ManningE. Manning,26,14,135,5.2,1,1,19,1,6,65.4,16,home,2007
Tom BradyT. Brady,32,25,231,7.2,3,1,23,0,0,115.0,34,away,2007
Carson PalmerC. Palmer,35,21,234,6.7,1,2,23,1,8,65.7,13,home,2007
Kurt WarnerK. Warner,28,14,190,6.8,1,1,34,0,0,69.0,34,away,2007
Matt LeinartM. Leinart,13,7,100,7.7,0,1,27,1,9,47.0,34,away,2007
Gus FrerotteG. Frerotte,43,24,262,6.1,3,3,34,2,10,68.2,31,home,2007
Joey HarringtonJ. Harrington,31,16,87,2.8,0,1,34,1,8,44.2,13,away,2007
Byron LeftwichB. Leftwich,8,2,28,3.5,0,1,18,1,8,2.1,13,away,2007
Vince YoungV. Young,33,20,157,4.8,0,3,16,0,0,34.5,20,home,2007
David CarrD. Carr,17,10,119,7.0,1,1,27,1,7,75.4,16,away,2007
Matt MooreM. Moore,2,1,43,21.5,0,0,43,0,0,95.8,16,away,2007
Drew BreesD. Brees,47,29,252,5.4,0,2,54,0,0,58.1,13,home,2007
Derek AndersonD. Anderson,43,22,287,6.7,2,3,36,3,26,59.0,17,away,2007
Tom BradyT. Brady,38,22,265,7.0,3,0,35,0,0,105.7,34,home,2007
Jon KitnaJ. Kitna,29,16,106,3.7,0,2,16,6,30,34.6,3,away,2007
Jason CampbellJ. Campbell,29,23,248,8.6,2,0,37,0,0,125.3,34,home,2007
David GarrardD. Garrard,27,20,218,8.1,1,0,40,4,17,109.8,17,away,2007
Damon HuardD. Huard,30,19,196,6.5,0,1,30,2,13,68.2,7,home,2007
Brodie CroyleB. Croyle,13,6,83,6.4,1,0,35,1,5,92.8,7,home,2007
Cleo LemonC. Lemon,27,15,151,5.6,0,1,36,1,8,56.2,19,away,2007
Trent GreenT. Green,2,1,5,2.5,0,0,5,0,0,56.2,19,away,2007
Matt SchaubM. Schaub,34,20,294,8.6,0,1,49,2,16,74.9,22,home,2007
Chad PenningtonC. Pennington,36,21,229,6.4,1,3,28,1,7,51.7,24,away,2007
Eli ManningE. Manning,25,13,186,7.4,2,1,53t,0,0,86.4,35,home,2007
Matt HasselbeckM. Hasselbeck,27,13,116,4.3,0,1,30,2,11,44.7,0,away,2007
Seneca WallaceS. Wallace,3,1,6,2.0,0,0,6,1,5,42.4,0,away,2007
Ben RoethlisbergerB. Roethlisberger,22,18,206,9.4,1,0,25,3,27,120.8,21,home,2007
Jeff GarciaJ. Garcia,23,18,143,6.2,2,0,27,1,5,121.6,14,away,2007
Bruce GradkowskiB. Gradkowski,4,3,22,5.5,0,1,11,0,0,47.9,14,away,2007
Peyton ManningP. Manning,37,29,253,6.8,2,1,21,0,0,101.9,33,home,2007
Steve McNairS. McNair,43,29,214,5.0,0,0,18,0,0,79.0,9,away,2007
Trent DilferT. Dilfer,19,12,126,6.6,1,1,42,3,12,78.0,7,home,2007
Philip RiversP. Rivers,18,13,270,15.0,2,0,45,0,0,151.4,41,away,2007
Jay CutlerJ. Cutler,36,23,232,6.4,0,1,26,1,8,70.6,3,home,2007
Brian GrieseB. Griese,25,15,214,8.6,2,1,34t,2,11,97.8,27,away,2007
Brett FavreB. Favre,40,29,322,8.1,1,2,41t,1,4,83.5,20,home,2007
Tony RomoT. Romo,50,29,309,6.2,2,5,31,0,0,49.9,25,away,2007
Trent EdwardsT. Edwards,31,23,176,5.7,0,1,23,3,28,74.1,24,home,2007
Carson PalmerC. Palmer,43,26,320,7.4,2,2,42t,4,25,79.6,20,away,2007
Damon HuardD. Huard,35,25,264,7.5,2,0,26t,5,31,112.1,27,home,2007
Matt SchaubM. Schaub,31,19,259,8.4,0,1,46,2,12,74.5,17,away,2007
Sage RosenfelsS. Rosenfels,12,11,82,6.8,1,0,14,0,0,122.9,17,away,2007
David GarrardD. Garrard,34,22,221,6.5,2,0,27,1,8,102.7,37,home,2007
Cleo LemonC. Lemon,43,24,256,6.0,2,2,32,2,10,69.5,31,away,2007
Derek AndersonD. Anderson,25,18,245,9.8,3,0,33,1,1,142.5,41,home,2007
Tarvaris JacksonT. Jackson,23,9,136,5.9,1,0,60t,1,3,73.8,34,away,2007
Brian GrieseB. Griese,45,26,381,8.5,3,2,81t,1,6,89.2,31,home,2007
Donovan McNabbD. McNabb,35,22,278,7.9,1,1,75t,3,16,85.2,16,away,2007
Chad PenningtonC. Pennington,21,11,128,6.1,0,1,27,3,19,51.3,9,home,2007
Gus FrerotteG. Frerotte,36,19,208,5.8,0,5,23,4,11,30.6,3,away,2007
Kyle BollerK. Boller,30,18,184,6.1,0,1,34,2,13,63.7,22,home,2007
Kerry CollinsK. Collins,20,10,125,6.2,0,0,42,2,20,69.8,10,away,2007
Vince YoungV. Young,14,11,120,8.6,0,1,23,1,4,72.6,10,away,2007
Jeff GarciaJ. Garcia,31,20,274,8.8,1,0,69t,0,0,103.4,13,home,2007
Jason CampbellJ. Campbell,37,21,217,5.9,1,1,28,3,7,71.6,14,away,2007
Brett FavreB. Favre,37,19,188,5.1,0,2,60,2,19,43.5,17,home,2007
Vinny TestaverdeV. Testaverde,33,20,206,6.2,1,0,65t,2,13,88.7,25,away,2007
Tim RattayT. Rattay,24,12,159,6.6,0,3,42,0,0,31.8,10,home,2007
Kurt WarnerK. Warner,2,2,21,10.5,0,0,16,2,21,110.4,10,home,2007
Tom BradyT. Brady,46,31,388,8.4,5,0,69t,3,15,129.6,48,away,2007
Tony RomoT. Romo,29,18,199,6.9,2,1,26,2,13,91.0,27,home,2007
Daunte CulpepperD. Culpepper,37,24,229,6.2,1,2,31,5,27,68.4,14,away,2007
Philip RiversP. Rivers,21,14,156,7.4,0,1,28,0,0,68.8,28,home,2007
Drew BreesD. Brees,36,25,246,6.8,2,0,36,0,0,106.9,28,away,2007
Matt HasselbeckM. Hasselbeck,43,26,362,8.4,2,1,29,5,29,93.4,17,home,2007
Eli ManningE. Manning,39,27,303,7.8,2,2,43t,1,0,87.9,31,away,2007
Joey HarringtonJ. Harrington,39,18,209,5.4,0,1,38,4,28,52.2,10,home,2007
Kurt WarnerK. Warner,41,27,282,6.9,2,2,43,1,3,81.6,19,away,2007
Tim RattayT. Rattay,1,1,1,1.0,1,0,1t,0,0,118.8,19,away,2007
Jason CampbellJ. Campbell,18,12,95,5.3,0,1,26,1,8,56.5,21,home,2007
Byron LeftwichB. Leftwich,23,15,145,6.3,1,0,23,1,7,97.2,16,away,2007
Joey HarringtonJ. Harrington,18,12,128,7.1,0,0,32,2,7,87.3,16,away,2007
Drew BreesD. Brees,34,22,219,6.4,2,1,37t,0,0,90.2,22,home,2007
Kyle BollerK. Boller,36,21,191,5.3,1,0,27,1,10,82.1,14,away,2007
Mark ClaytonM. Clayton,1,0,0,0.0,0,0,0,0,0,39.6,14,away,2007
Trent EdwardsT. Edwards,21,11,153,7.3,0,1,54,2,14,56.2,19,home,2007
Tarvaris JacksonT. Jackson,19,6,72,3.8,0,0,21,3,7,44.2,14,away,2007
Tony RomoT. Romo,39,31,277,7.1,1,0,24,3,24,104.8,24,home,2007
Tom BradyT. Brady,25,21,354,14.2,6,0,50t,1,10,158.3,49,away,2007
Matt CasselM. Cassel,2,0,0,0.0,0,1,0,0,0,0.0,49,away,2007
Matt GutierrezM. Gutierrez,1,1,15,15.0,0,0,15,0,0,118.8,49,away,2007
Cleo LemonC. Lemon,37,24,236,6.4,0,1,20,3,33,71.5,28,home,2007
Trent DilferT. Dilfer,38,23,209,5.5,2,2,47,6,45,71.1,15,away,2007
Eli ManningE. Manning,31,18,146,4.7,2,1,24,1,7,78.2,33,home,2007
Anthony WrightA. Wright,1,0,0,0.0,0,0,0,0,0,39.6,33,home,2007
Jeff GarciaJ. Garcia,45,37,316,7.0,2,0,38,3,18,110.7,16,away,2007
Jon KitnaJ. Kitna,20,16,147,7.3,0,0,19,3,16,97.3,23,home,2007
Kerry CollinsK. Collins,42,25,280,6.7,0,0,46,1,13,79.5,38,away,2007
Sage RosenfelsS. Rosenfels,35,22,290,8.3,4,3,53t,0,0,91.4,36,home,2007
Matt SchaubM. Schaub,9,5,23,2.6,0,0,12,2,19,60.9,36,home,2007
Damon HuardD. Huard,31,16,177,5.7,0,1,58,2,13,55.4,12,away,2007
Larry JohnsonL. Johnson,1,0,0,0.0,0,0,0,0,0,39.6,12,away,2007
Daunte CulpepperD. Culpepper,30,18,228,7.6,1,1,59,2,15,81.0,10,home,2007
Chad PenningtonC. Pennington,31,20,272,8.8,3,1,57t,2,14,111.2,31,away,2007
Carson PalmerC. Palmer,21,14,226,10.8,1,1,56,1,8,98.5,38,home,2007
Brian GrieseB. Griese,41,27,322,7.9,1,0,44,1,8,97.8,19,away,2007
Donovan McNabbD. McNabb,34,21,226,6.6,1,0,25,3,15,91.1,16,home,2007
Marc BulgerM. Bulger,40,21,225,5.6,0,3,31,7,57,38.0,6,away,2007
Matt HasselbeckM. Hasselbeck,35,18,195,5.6,2,1,21,1,6,75.3,33,home,2007
Ben RoethlisbergerB. Roethlisberger,35,24,290,8.3,4,2,40,4,30,108.0,28,away,2007
Jay CutlerJ. Cutler,29,22,248,8.6,3,2,26,2,14,106.7,31,home,2007
Peyton ManningP. Manning,37,23,259,7.0,1,1,35t,2,16,80.8,29,away,2007
Quinn GrayQ. Gray,24,9,56,2.3,0,2,11,2,13,11.1,7,home,2007
David GarrardD. Garrard,12,8,72,6.0,0,0,22,1,6,82.6,7,home,2007
Derek AndersonD. Anderson,25,18,248,9.9,3,0,29,2,12,143.0,27,away,2007
Marc BulgerM. Bulger,36,24,310,8.6,1,1,39,0,0,91.2,20,home,2007
Gus FrerotteG. Frerotte,3,1,12,4.0,0,0,12,1,8,46.5,20,home,2007
Jon KitnaJ. Kitna,35,24,268,7.7,0,0,29,4,22,91.1,16,away,2007
Brian GrieseB. Griese,40,22,208,5.2,1,4,20t,2,16,38.3,7,home,2007
Peyton ManningP. Manning,30,14,255,8.5,2,0,59t,0,0,98.6,31,away,2007
Jim SorgiJ. Sorgi,2,1,9,4.5,0,0,9,0,0,62.5,31,away,2007
David CarrD. Carr,25,16,103,4.1,0,0,12,0,0,72.6,7,home,2007
Vinny TestaverdeV. Testaverde,20,12,82,4.1,0,1,15,0,0,48.3,7,home,2007
Eli ManningE. Manning,22,8,59,2.7,0,0,21,1,10,44.9,13,away,2007
Cleo LemonC. Lemon,30,17,149,5.0,1,0,21t,3,30,81.1,10,home,2007
Daunte CulpepperD. Culpepper,32,15,167,5.2,0,1,27,5,24,49.9,9,away,2007
Vince YoungV. Young,14,6,42,3.0,0,0,12,2,16,50.3,13,home,2007
Donovan McNabbD. McNabb,36,23,333,9.2,1,0,50,2,10,103.1,23,away,2007
Kelly HolcombK. Holcomb,16,7,88,5.5,1,0,34,2,20,82.3,16,home,2007
Brooks BollingerB. Bollinger,10,7,94,9.4,0,0,19,2,11,99.6,16,home,2007
Ben RoethlisbergerB. Roethlisberger,26,19,230,8.8,2,1,42,1,0,109.5,24,away,2007
Carson PalmerC. Palmer,31,23,205,6.6,1,0,28,0,0,102.2,13,home,2007
Trent EdwardsT. Edwards,21,14,130,6.2,0,1,17,1,4,63.6,13,away,2007
J.P. LosmanJ. Losman,5,3,113,22.6,1,0,85t,0,0,143.8,13,away,2007
Chad PenningtonC. Pennington,20,13,106,5.3,0,0,21,3,19,78.3,3,home,2007
Kellen ClemensK. Clemens,12,5,67,5.6,0,2,20,0,0,20.5,3,home,2007
Sage RosenfelsS. Rosenfels,27,17,176,6.5,1,2,28t,1,1,63.2,10,away,2007
Matt SchaubM. Schaub,18,11,77,4.3,0,2,13,0,0,31.3,10,away,2007
Philip RiversP. Rivers,11,7,130,11.8,3,0,49t,1,2,143.9,35,home,2007
Quinn GrayQ. Gray,16,7,100,6.2,1,0,30,2,14,85.4,24,away,2007
Jeff GarciaJ. Garcia,41,19,267,6.5,1,3,58t,2,18,45.5,23,home,2007
Drew BreesD. Brees,39,31,336,8.6,4,0,43,0,0,136.8,31,away,2007
Alex SmithA. Smith,43,22,190,4.4,1,0,20,2,13,70.9,10,home,2007
Jason CampbellJ. Campbell,36,21,197,5.5,1,1,28,3,20,71.2,7,away,2007
Antwaan Randle ElA. Randle El,1,0,0,0.0,0,0,0,0,0,39.6,7,away,2007
Tom BradyT. Brady,38,29,306,8.1,3,0,35,1,0,125.5,52,home,2007
Matt CasselM. Cassel,3,2,28,9.3,0,0,21,0,0,96.5,52,home,2007
Brett FavreB. Favre,27,21,331,12.3,2,0,82t,1,6,142.4,19,away,2007
Jay CutlerJ. Cutler,34,21,264,7.8,1,0,35,2,17,95.7,13,home,2007
Brandon MarshallB. Marshall,0,0,0,0.0,0,0,0,1,3,0.0,13,home,2007
Kurt WarnerK. Warner,30,10,172,5.7,0,2,47,0,0,26.0,10,away,2007
Jeff GarciaJ. Garcia,28,18,196,7.0,1,0,37t,3,8,96.7,17,home,2007
David CarrD. Carr,27,15,107,4.0,1,1,18t,7,30,61.8,7,away,2007
Matt MooreM. Moore,5,2,36,7.2,0,1,30,0,0,25.8,7,away,2007
Vince YoungV. Young,23,14,110,4.8,0,2,18,3,14,36.5,20,home,2007
Carson PalmerC. Palmer,39,26,271,6.9,2,1,43,0,0,93.0,21,away,2007
J.P. LosmanJ. Losman,34,24,295,8.7,1,1,38,0,0,94.6,33,home,2007
Marshawn LynchM. Lynch,1,1,8,8.0,1,0,8t,0,0,139.6,33,home,2007
Patrick RamseyP. Ramsey,46,29,262,5.7,1,1,21,3,13,76.5,7,away,2007
Jay CutlerJ. Cutler,4,3,20,5.0,0,0,9,2,13,85.4,7,away,2007
Jon KitnaJ. Kitna,31,16,252,8.1,2,0,49t,1,6,100.5,44,home,2007
Brett FavreB. Favre,34,24,360,10.6,2,2,60t,1,6,100.1,33,away,2007
Damon HuardD. Huard,32,19,213,6.7,2,2,30t,5,40,74.1,22,home,2007
Quinn GrayQ. Gray,33,20,354,10.7,2,3,80t,2,10,79.6,24,away,2007
Drew BreesD. Brees,49,35,445,9.1,3,0,57,1,10,119.9,41,home,2007
Philip RiversP. Rivers,42,19,197,4.7,0,1,22,1,10,49.4,17,away,2007
Tarvaris JacksonT. Jackson,12,6,63,5.2,0,0,19,0,0,65.6,35,home,2007
Brooks BollingerB. Bollinger,10,7,95,9.5,1,0,40t,1,8,133.3,35,home,2007
Alex SmithA. Smith,38,17,149,3.9,0,3,21,2,14,22.8,16,away,2007
Joey HarringtonJ. Harrington,25,14,138,5.5,0,1,23,1,7,55.1,20,home,2007
Jason CampbellJ. Campbell,23,12,142,6.2,0,1,21,1,7,53.2,23,away,2007
Kellen ClemensK. Clemens,42,23,226,5.4,1,0,39,3,12,78.1,20,home,2007
Matt HasselbeckM. Hasselbeck,47,30,318,6.8,2,1,31,0,0,88.8,30,away,2007
Derek AndersonD. Anderson,48,29,364,7.6,0,1,34,0,0,75.3,33,home,2007
Sage RosenfelsS. Rosenfels,19,11,181,9.5,1,1,53,0,0,85.6,24,away,2007
Josh McCownJ. McCown,27,13,158,5.9,1,3,32,1,1,39.4,17,home,2007
Tom BradyT. Brady,32,21,255,8.0,3,2,55,2,18,95.2,24,away,2007
Peyton ManningP. Manning,27,16,225,8.3,1,1,73t,3,15,83.1,20,home,2007
Tony RomoT. Romo,25,20,324,13.0,3,1,53,0,0,141.7,38,away,2007
Donovan McNabbD. McNabb,46,27,264,5.7,1,2,45,3,14,64.0,17,home,2007
Steve McNairS. McNair,22,13,63,2.9,0,1,8,5,37,44.9,7,away,2007
Kyle BollerK. Boller,9,3,21,2.3,0,0,9,1,7,42.4,7,away,2007
Ben RoethlisbergerB. Roethlisberger,16,13,209,13.1,5,0,45,3,22,158.3,38,home,2007
Charlie BatchC. Batch,5,1,14,2.8,0,1,14,0,0,0.0,38,home,2007
Joey HarringtonJ. Harrington,26,19,192,7.4,1,0,35,2,12,106.6,20,away,2007
Chris RedmanC. Redman,1,1,9,9.0,0,0,9,0,0,104.2,20,away,2007
Vinny TestaverdeV. Testaverde,28,13,153,5.5,0,0,24,2,8,63.5,13,home,2007
Matt MooreM. Moore,1,0,0,0.0,0,1,0,0,0,0.0,13,home,2007
J.P. LosmanJ. Losman,23,12,157,6.8,0,1,21,2,6,55.9,13,away,2007
Cleo LemonC. Lemon,29,16,131,4.5,0,0,21,1,5,66.9,10,home,2007
Derek AndersonD. Anderson,35,16,123,3.5,3,0,16t,0,0,83.4,28,away,2007
Ben RoethlisbergerB. Roethlisberger,34,23,278,8.2,2,1,22,4,36,99.9,31,home,2007
Willie ParkerW. Parker,1,0,0,0.0,0,0,0,0,0,39.6,31,home,2007
Jay CutlerJ. Cutler,29,17,192,6.6,1,1,38,1,6,75.6,27,away,2007
Patrick RamseyP. Ramsey,2,0,0,0.0,0,0,0,0,0,39.6,27,away,2007
Brodie CroyleB. Croyle,30,17,162,5.4,0,1,18,2,21,57.9,11,home,2007
Damon HuardD. Huard,15,6,83,5.5,0,2,23,2,7,18.9,11,home,2007
Quinn GrayQ. Gray,23,13,101,4.4,1,0,13,1,5,82.0,28,away,2007
Vince YoungV. Young,41,24,257,6.3,1,2,28,4,27,64.8,13,home,2007
Brooks BollingerB. Bollinger,26,16,176,6.8,0,1,50,3,15,65.5,0,away,2007
Brett FavreB. Favre,46,33,351,7.6,3,0,37,0,0,115.4,34,home,2007
Aaron RodgersA. Rodgers,2,2,17,8.5,0,0,15,0,0,102.1,34,home,2007
Donovan McNabbD. McNabb,28,20,251,9.0,4,0,57t,2,11,138.5,33,away,2007
Jason CampbellJ. Campbell,34,23,215,6.3,3,0,31,1,12,114.2,25,home,2007
Marc BulgerM. Bulger,33,27,302,9.2,2,0,40,4,28,125.0,37,away,2007
Steven JacksonS. Jackson,1,1,2,2.0,1,0,2t,0,0,118.8,37,away,2007
Drew BreesD. Brees,36,25,272,7.6,2,2,36,2,16,86.8,29,home,2007
Carson PalmerC. Palmer,34,23,271,8.0,0,0,50,3,15,91.7,21,away,2007
Steve McNairS. McNair,26,17,128,4.9,0,1,17,2,11,61.1,7,home,2007
Kyle BollerK. Boller,8,6,89,11.1,0,1,47,0,0,71.4,7,home,2007
Brian GrieseB. Griese,14,10,97,6.9,0,0,24,1,8,90.5,17,away,2007
Rex GrossmanR. Grossman,14,7,142,10.1,1,0,59t,2,14,109.8,17,away,2007
Josh McCownJ. McCown,27,14,108,4.0,0,1,14,3,22,46.5,6,home,2007
Tony RomoT. Romo,28,20,247,8.8,4,1,50t,1,4,123.1,31,away,2007
Eli ManningE. Manning,34,23,236,6.9,1,2,29,5,42,72.7,20,home,2007
Jon KitnaJ. Kitna,45,32,296,6.6,2,2,22,4,31,85.0,21,away,2007
Kurt WarnerK. Warner,36,26,259,7.2,3,1,20t,2,15,108.4,31,home,2007
Tim RattayT. Rattay,1,1,2,2.0,1,0,2t,0,0,118.8,31,home,2007
Peyton ManningP. Manning,56,34,328,5.9,2,6,39,2,17,49.4,21,away,2007
Philip RiversP. Rivers,24,13,104,4.3,0,2,19,2,18,30.6,23,home,2007
Alex SmithA. Smith,28,12,114,4.1,0,0,45,3,20,54.8,0,away,2007
Matt HasselbeckM. Hasselbeck,40,27,278,7.0,2,1,46,1,4,93.5,24,home,2007
Kurt WarnerK. Warner,28,16,211,7.5,2,0,44t,3,14,104.9,35,away,2007
Carson PalmerC. Palmer,52,37,329,6.3,2,4,37t,1,5,68.5,27,home,2007
Vinny TestaverdeV. Testaverde,37,19,258,7.0,2,2,49,2,7,69.4,17,away,2007
Brett FavreB. Favre,30,22,218,7.3,3,0,47,1,4,126.8,31,home,2007
Derek AndersonD. Anderson,38,24,274,7.2,0,1,50,1,5,73.8,33,away,2007
Kyle BollerK. Boller,41,22,279,6.8,1,2,42,6,39,63.0,30,home,2007
Brodie CroyleB. Croyle,27,19,169,6.3,1,0,21,2,7,99.2,10,away,2007
Peyton ManningP. Manning,32,16,163,5.1,0,1,38,2,13,52.0,13,home,2007
John BeckJ. Beck,22,9,109,5.0,0,0,22,0,0,56.8,7,away,2007
A.J. FeeleyA. Feeley,19,13,116,6.1,1,1,24,0,0,80.2,17,home,2007
Donovan McNabbD. McNabb,11,3,34,3.1,0,2,23,0,0,0.4,17,home,2007
Tom BradyT. Brady,39,31,373,9.6,5,0,43t,0,0,146.1,56,away,2007
Matt CasselM. Cassel,2,2,10,5.0,0,0,6,0,0,87.5,56,away,2007
J.P. LosmanJ. Losman,26,15,173,6.7,1,1,47t,4,22,74.7,10,home,2007
Drew BreesD. Brees,49,33,290,5.9,1,2,32,1,10,72.7,10,away,2007
Matt SchaubM. Schaub,33,21,293,8.9,2,0,73t,1,6,112.3,23,home,2007
Daunte CulpepperD. Culpepper,39,23,344,8.8,1,1,49,5,37,85.8,22,away,2007
Tarvaris JacksonT. Jackson,22,17,171,7.8,0,1,16,3,15,79.9,29,home,2007
Sidney RiceS. Rice,2,2,94,47.0,0,0,79,0,0,118.8,29,home,2007
Ben RoethlisbergerB. Roethlisberger,25,15,195,7.8,1,1,27,7,44,81.2,16,away,2007
Kellen ClemensK. Clemens,31,14,162,5.2,1,1,56,3,16,58.8,19,home,2007
Philip RiversP. Rivers,40,22,309,7.7,1,2,44,0,0,67.6,17,away,2007
David GarrardD. Garrard,24,15,189,7.9,2,0,36t,0,0,114.8,24,home,2007
Jeff GarciaJ. Garcia,20,10,159,8.0,2,0,44t,1,5,110.2,31,away,2007
Bruce GradkowskiB. Gradkowski,1,1,2,2.0,0,0,2,0,0,79.2,31,away,2007
Byron LeftwichB. Leftwich,27,15,106,3.9,0,1,14,4,19,49.3,7,home,2007
Joey HarringtonJ. Harrington,20,16,139,7.0,1,0,33,1,7,112.3,7,home,2007
Jason CampbellJ. Campbell,54,33,348,6.4,2,1,32,1,6,84.5,23,away,2007
Antwaan Randle ElA. Randle El,1,1,19,19.0,0,0,19,0,0,118.8,23,away,2007
Tony RomoT. Romo,32,22,293,9.2,4,1,52t,1,6,124.1,28,home,2007
Eli ManningE. Manning,39,28,283,7.3,1,0,34,2,14,100.7,16,away,2007
Jon KitnaJ. Kitna,43,28,377,8.8,1,3,35t,3,26,71.6,10,home,2007
Marc BulgerM. Bulger,32,21,155,4.8,1,0,17,6,50,87.4,13,away,2007
Trent DilferT. Dilfer,42,20,231,5.5,0,2,29,3,19,44.8,9,home,2007
Rex GrossmanR. Grossman,37,24,266,7.2,0,0,41,5,28,86.1,23,away,2007
Matt HasselbeckM. Hasselbeck,44,30,337,7.7,2,0,59,2,15,106.0,30,home,2007
Vince YoungV. Young,41,26,305,7.4,1,2,21t,1,15,73.7,20,away,2007
Jay CutlerJ. Cutler,21,16,200,9.5,2,0,48t,1,7,137.0,34,home,2007
Brett FavreB. Favre,41,31,381,9.3,3,0,43,0,0,128.2,37,away,2007
Jon KitnaJ. Kitna,40,19,224,5.6,1,1,20,4,27,62.9,26,home,2007
Kellen ClemensK. Clemens,27,12,142,5.3,0,1,31,3,22,45.6,3,away,2007
Tony RomoT. Romo,28,21,195,7.0,2,1,25t,3,25,102.5,34,home,2007
Peyton ManningP. Manning,32,22,272,8.5,3,1,35,4,25,113.0,31,away,2007
Joey HarringtonJ. Harrington,30,14,155,5.2,1,2,48t,2,17,45.8,13,home,2007
J.P. LosmanJ. Losman,40,27,211,5.3,1,2,23,1,8,67.8,14,away,2007
David GarrardD. Garrard,37,23,296,8.0,1,0,59t,1,4,96.2,36,home,2007
Jay CutlerJ. Cutler,31,17,302,9.7,2,1,68t,2,10,96.4,34,away,2007
Rex GrossmanR. Grossman,33,17,193,5.8,1,1,39,3,22,66.9,37,home,2007
Matt SchaubM. Schaub,36,22,256,7.1,2,2,29,2,19,78.0,17,away,2007
Derek AndersonD. Anderson,35,24,253,7.2,2,1,25,1,4,96.5,27,home,2007
Tarvaris JacksonT. Jackson,12,10,129,10.8,1,0,60t,4,5,139.2,41,away,2007
Eli ManningE. Manning,49,21,273,5.6,1,4,32,3,39,33.8,17,home,2007
Drew BreesD. Brees,36,24,260,7.2,3,1,45,0,0,103.9,31,away,2007
David CarrD. Carr,22,10,95,4.3,0,2,24,1,9,20.1,6,home,2007
Matt MooreM. Moore,14,8,66,4.7,0,1,14,0,0,39.6,6,home,2007
Daunte CulpepperD. Culpepper,22,15,170,7.7,0,0,35,2,11,91.1,20,away,2007
Brodie CroyleB. Croyle,23,12,145,6.3,0,1,24,3,17,53.7,17,home,2007
Matt HasselbeckM. Hasselbeck,38,21,249,6.6,1,1,29,5,34,73.2,24,away,2007
Gus FrerotteG. Frerotte,32,20,161,5.0,1,1,19,3,23,72.5,19,home,2007
Marc BulgerM. Bulger,5,3,32,6.4,0,1,21,1,9,39.2,19,home,2007
Vince YoungV. Young,31,19,246,7.9,0,1,73,1,2,72.8,6,away,2007
Carson PalmerC. Palmer,38,32,283,7.4,3,1,26,1,5,113.0,35,home,2007
Jason CampbellJ. Campbell,49,30,301,6.1,1,2,39t,2,9,68.5,13,away,2007
Bruce GradkowskiB. Gradkowski,19,9,106,5.6,0,0,20,2,14,64.8,19,home,2007
Jeff GarciaJ. Garcia,4,2,9,2.2,0,0,6,1,8,56.2,19,home,2007
Trent DilferT. Dilfer,39,25,256,6.6,2,0,57t,3,19,99.9,37,away,2007
Kurt WarnerK. Warner,48,34,484,10.1,2,2,62,4,30,99.7,31,home,2007
Tim RattayT. Rattay,1,1,2,2.0,1,0,2t,0,0,118.8,31,home,2007
Kyle BollerK. Boller,33,21,191,5.8,1,0,23,4,37,89.3,14,away,2007
Philip RiversP. Rivers,35,25,249,7.1,3,0,35t,0,0,119.8,32,home,2007
A.J. FeeleyA. Feeley,42,27,345,8.2,3,3,28t,2,9,83.9,28,away,2007
Tom BradyT. Brady,54,34,380,7.0,1,0,42,3,18,90.0,31,home,2007
John BeckJ. Beck,23,14,132,5.7,0,0,21,4,22,76.7,0,away,2007
Marty BookerM. Booker,1,0,0,0.0,0,0,0,0,0,39.6,0,away,2007
Ben RoethlisbergerB. Roethlisberger,21,18,165,7.9,0,1,21,5,33,79.6,3,home,2007
Aaron RodgersA. Rodgers,26,18,201,7.7,1,0,43,3,24,104.8,27,away,2007
Brett FavreB. Favre,14,5,56,4.0,0,2,19,0,0,8.9,27,away,2007
Tony RomoT. Romo,30,19,309,10.3,4,1,48,0,0,123.5,37,home,2007
Joey HarringtonJ. Harrington,34,17,184,5.4,0,1,34,3,23,54.0,16,away,2007
Chris RedmanC. Redman,24,16,172,7.2,2,1,21,1,9,97.9,16,away,2007
Gus FrerotteG. Frerotte,35,23,311,8.9,3,2,38,1,7,98.6,28,home,2007
Trent EdwardsT. Edwards,36,22,257,7.1,0,0,54,0,0,82.8,17,away,2007
Jason CampbellJ. Campbell,37,21,216,5.8,0,1,29,4,14,62.4,16,home,2007
Jon KitnaJ. Kitna,35,27,260,7.4,1,0,43,4,30,106.8,10,away,2007
Tarvaris JacksonT. Jackson,24,18,204,8.5,2,1,35,1,4,110.4,42,home,2007
Chris KluweC. Kluwe,1,1,27,27.0,0,0,27,0,0,118.8,42,home,2007
Chester TaylorC. Taylor,1,0,0,0.0,0,0,0,0,0,39.6,42,home,2007
Sage RosenfelsS. Rosenfels,30,17,185,6.2,1,1,28t,1,16,72.2,20,away,2007
Matt SchaubM. Schaub,5,3,34,6.8,0,0,19,1,7,80.4,20,away,2007
Vince YoungV. Young,31,21,248,8.0,2,1,43t,3,19,99.9,28,home,2007
David GarrardD. Garrard,29,24,257,8.9,2,1,35,3,14,112.2,25,away,2007
Peyton ManningP. Manning,29,20,288,9.9,4,1,48t,1,9,126.1,28,home,2007
Kellen ClemensK. Clemens,24,15,236,9.8,1,1,51,6,27,91.7,40,away,2007
John BeckJ. Beck,39,23,177,4.5,0,3,22,3,27,38.1,13,home,2007
Philip RiversP. Rivers,21,10,157,7.5,1,1,40,3,18,68.9,24,away,2007
Damon HuardD. Huard,34,19,186,5.5,1,2,31,7,38,56.7,10,home,2007
Tyler ThigpenT. Thigpen,6,2,41,6.8,0,1,22,1,9,18.7,10,home,2007
Eddie KennisonE. Kennison,0,0,0,0.0,0,0,0,1,0,0.0,10,home,2007
Matt HasselbeckM. Hasselbeck,34,19,187,5.5,2,1,43t,2,11,78.9,28,away,2007
A.J. FeeleyA. Feeley,42,19,220,5.2,1,4,47,1,1,30.0,24,home,2007
Trent DilferT. Dilfer,29,14,171,5.9,2,4,22,6,35,50.3,14,away,2007
Vinny TestaverdeV. Testaverde,26,17,169,6.5,2,2,30,2,12,77.2,31,home,2007
Luke McCownL. McCown,37,29,313,8.5,2,1,60,3,19,108.7,27,away,2007
Drew BreesD. Brees,23,17,179,7.8,2,0,45t,3,17,125.1,23,home,2007
Derek AndersonD. Anderson,41,21,304,7.4,2,2,67t,1,9,71.6,21,away,2007
Kurt WarnerK. Warner,30,18,169,5.6,2,1,19,0,0,83.9,27,home,2007
Jay CutlerJ. Cutler,32,16,214,6.7,0,2,58,1,8,45.6,20,away,2007
Josh McCownJ. McCown,21,14,141,6.7,3,0,26,0,0,125.2,34,home,2007
JaMarcus RussellJ. Russell,7,4,56,8.0,0,0,20,0,0,83.0,34,home,2007
Eli ManningE. Manning,27,16,195,7.2,1,2,24,2,14,63.0,21,away,2007
Rex GrossmanR. Grossman,46,25,296,6.4,1,0,50,6,52,81.4,16,home,2007
Carson PalmerC. Palmer,44,17,183,4.2,0,0,24,1,8,51.6,10,away,2007
Ben RoethlisbergerB. Roethlisberger,32,21,184,5.8,2,2,19,0,0,75.5,24,home,2007
Tom BradyT. Brady,38,18,257,6.8,2,1,43,3,21,76.3,27,away,2007
Kyle BollerK. Boller,23,15,210,9.1,2,1,53,0,0,105.3,24,home,2007
Brian GrieseB. Griese,45,27,295,6.6,1,2,35,2,13,68.3,16,away,2007
Rex GrossmanR. Grossman,6,2,14,2.3,0,0,7,0,0,42.4,16,away,2007
Todd CollinsT. Collins,20,15,224,11.2,2,0,54,1,10,144.6,24,home,2007
Jason CampbellJ. Campbell,16,10,100,6.2,0,0,23,0,0,80.2,24,home,2007
Vinny TestaverdeV. Testaverde,28,13,84,3.0,0,1,15,1,6,38.4,6,away,2007
Matt MooreM. Moore,10,3,21,2.1,0,0,8,0,0,39.6,6,away,2007
David GarrardD. Garrard,36,20,230,6.4,2,0,27,0,0,93.5,37,home,2007
Quinn GrayQ. Gray,1,1,19,19.0,0,0,19,0,0,118.8,37,home,2007
Tony RomoT. Romo,44,35,302,6.9,2,0,30,3,21,110.4,28,away,2007
Jon KitnaJ. Kitna,36,22,248,6.9,0,0,35,1,10,81.7,27,home,2007
Cleo LemonC. Lemon,42,22,241,5.7,0,2,54,2,7,49.8,17,away,2007
John BeckJ. Beck,2,1,6,3.0,0,0,6,3,20,56.2,17,away,2007
Trent EdwardsT. Edwards,23,11,165,7.2,4,0,70t,0,0,111.4,38,home,2007
Eli ManningE. Manning,31,17,219,7.1,1,0,41,2,12,88.0,16,away,2007
Donovan McNabbD. McNabb,30,20,179,6.0,1,0,19,3,14,93.6,13,home,2007
Greg LewisG. Lewis,1,0,0,0.0,0,0,0,0,0,39.6,13,home,2007
Josh McCownJ. McCown,15,7,110,7.3,1,2,29,0,0,54.2,7,away,2007
Andrew WalterA. Walter,8,5,38,4.8,0,0,19,0,0,74.0,7,away,2007
Brett FavreB. Favre,23,15,266,11.6,2,1,80t,0,0,115.5,38,home,2007
Ben RoethlisbergerB. Roethlisberger,32,19,187,5.8,1,0,32t,3,19,86.3,13,away,2007
Tom BradyT. Brady,46,32,399,8.7,4,0,63t,0,0,125.2,34,home,2007
Philip RiversP. Rivers,40,21,228,5.7,2,2,29,4,28,65.4,23,away,2007
Billy VolekB. Volek,2,0,0,0.0,0,1,0,1,7,0.0,23,away,2007
Vince YoungV. Young,21,13,121,5.8,0,2,17,1,5,38.1,17,home,2007
Kerry CollinsK. Collins,3,1,-2,-0.7,0,0,-2,1,5,42.4,17,home,2007
Brock BerlinB. Berlin,28,17,153,5.5,0,1,23,0,0,60.6,10,away,2007
Carson PalmerC. Palmer,29,21,189,6.5,0,2,52,1,11,60.8,19,home,2007
Luke McCownL. McCown,38,25,266,7.0,0,0,31,4,32,86.1,14,away,2007
Sage RosenfelsS. Rosenfels,36,27,209,5.8,3,0,17,3,23,116.6,28,home,2007
Kurt WarnerK. Warner,46,28,337,7.3,3,5,38,5,32,65.5,21,away,2007
Matt HasselbeckM. Hasselbeck,33,22,272,8.2,4,0,46,1,3,131.6,42,home,2007
Tarvaris JacksonT. Jackson,25,16,163,6.5,1,0,23,0,0,95.9,27,away,2007
Shaun HillS. Hill,27,22,181,6.7,1,0,26,2,8,106.9,7,home,2007
Trent DilferT. Dilfer,19,7,45,2.4,0,1,11,1,9,23.4,7,home,2007
Derek AndersonD. Anderson,29,16,185,6.4,2,1,45,0,0,83.3,24,away,2007
Kellen ClemensK. Clemens,41,24,286,7.0,0,2,32,4,18,59.6,18,home,2007
Brodie CroyleB. Croyle,29,15,132,4.6,1,1,22,5,19,61.3,7,away,2007
Jay CutlerJ. Cutler,27,20,244,9.0,4,0,28,0,0,141.0,41,home,2007
Brandon MarshallB. Marshall,0,0,0,0.0,0,0,0,1,6,0.0,41,home,2007
Peyton ManningP. Manning,17,13,249,14.6,4,0,57t,0,0,157.5,44,away,2007
Jim SorgiJ. Sorgi,5,3,26,5.2,0,0,10,0,0,73.8,44,away,2007
Kyle BollerK. Boller,25,19,132,5.3,1,3,29,4,20,61.2,20,home,2007
Troy SmithT. Smith,5,3,33,6.6,0,0,17,0,0,79.6,20,home,2007
Drew BreesD. Brees,41,28,328,8.0,3,0,36,0,0,116.7,34,away,2007
Chris RedmanC. Redman,40,23,298,7.5,2,1,46,3,12,87.3,14,home,2007
Jay CutlerJ. Cutler,39,27,254,6.5,1,0,30,5,18,95.5,13,away,2007
Sage RosenfelsS. Rosenfels,27,16,200,7.4,1,1,29,0,0,79.2,31,home,2007
Carson PalmerC. Palmer,31,19,252,8.1,1,0,52t,0,0,97.8,13,away,2007
Shaun HillS. Hill,28,21,197,7.0,1,0,19,2,16,105.8,20,home,2007
Kurt WarnerK. Warner,30,19,233,7.8,3,1,25,2,19,106.7,24,away,2007
Drew BreesD. Brees,30,26,315,10.5,2,0,32t,1,8,132.6,31,home,2007
Chris RedmanC. Redman,15,4,34,2.3,0,2,18,1,7,0.0,3,away,2007
Jeff GarciaJ. Garcia,25,15,109,4.4,1,1,13,2,14,66.9,37,home,2007
Kyle BollerK. Boller,19,10,159,8.4,1,1,36,4,26,76.4,16,away,2007
Troy SmithT. Smith,11,5,49,4.5,0,0,15,0,0,58.5,16,away,2007
Cleo LemonC. Lemon,39,23,315,8.1,1,0,64t,5,27,93.4,22,home,2007
Trent EdwardsT. Edwards,33,13,124,3.8,0,0,21,0,0,50.6,0,away,2007
Derek AndersonD. Anderson,24,9,137,5.7,0,0,25,1,7,57.1,8,home,2007
Brett FavreB. Favre,30,19,225,7.5,2,2,44t,0,0,80.6,33,away,2007
Marc BulgerM. Bulger,39,20,219,5.6,1,2,37,4,28,55.4,14,home,2007
David GarrardD. Garrard,33,17,197,6.0,3,1,55t,0,0,87.6,29,away,2007
Ben RoethlisbergerB. Roethlisberger,32,15,142,4.4,3,0,30t,5,40,90.9,22,home,2007
Chad PenningtonC. Pennington,38,25,184,4.8,0,0,16,5,40,77.1,10,away,2007
Kellen ClemensK. Clemens,1,0,0,0.0,0,1,0,0,0,0.0,10,away,2007
Brad SmithB. Smith,1,0,0,0.0,0,0,0,0,0,39.6,10,away,2007
Tom BradyT. Brady,27,14,140,5.2,0,1,46,1,6,51.5,20,home,2007
Matt HasselbeckM. Hasselbeck,41,27,274,6.7,1,0,25,3,36,92.9,10,away,2007
Matt MooreM. Moore,27,19,208,7.7,0,0,54,0,0,92.8,13,home,2007
Vince YoungV. Young,26,16,191,7.3,2,0,41t,1,12,109.6,26,away,2007
Brodie CroyleB. Croyle,43,25,217,5.0,2,2,23,0,0,67.7,17,home,2007
Peyton ManningP. Manning,39,22,276,7.1,1,1,31,3,12,76.4,21,away,2007
Josh McCownJ. McCown,24,13,94,3.9,1,0,12,0,0,77.4,14,home,2007
JaMarcus RussellJ. Russell,5,2,10,2.0,0,0,6,0,0,47.9,14,home,2007
Jon KitnaJ. Kitna,45,26,302,6.7,2,5,49,0,0,53.4,14,away,2007
J.T. O'SullivanJ. O'Sullivan,2,0,0,0.0,0,0,0,0,0,39.6,14,away,2007
Philip RiversP. Rivers,21,14,142,6.8,1,0,28,0,0,101.7,51,home,2007
Billy VolekB. Volek,1,0,0,0.0,0,0,0,0,0,39.6,51,home,2007
Donovan McNabbD. McNabb,41,23,208,5.1,1,0,29,4,27,78.1,10,away,2007
Tony RomoT. Romo,36,13,214,5.9,0,3,53,4,27,22.2,6,home,2007
Todd CollinsT. Collins,25,8,166,6.6,0,0,36,2,10,56.4,22,away,2007
Eli ManningE. Manning,53,18,184,3.5,1,0,19t,2,16,51.1,10,home,2007
Kyle OrtonK. Orton,38,22,184,4.8,0,1,19,1,7,59.5,13,away,2007
Tarvaris JacksonT. Jackson,29,18,249,8.6,0,3,71,2,13,50.0,20,home,2007
Ben RoethlisbergerB. Roethlisberger,20,16,261,13.1,3,0,83,4,34,158.3,41,away,2007
Daniel SepulvedaD. Sepulveda,1,1,32,32.0,0,0,32,0,0,118.8,41,away,2007
Marc BulgerM. Bulger,35,18,208,5.9,3,2,23t,1,9,74.5,24,home,2007
Gus FrerotteG. Frerotte,7,3,27,3.9,0,0,14,0,0,53.9,24,home,2007
Derek AndersonD. Anderson,48,29,251,5.2,2,4,22,1,7,53.4,14,away,2007
Carson PalmerC. Palmer,21,11,115,5.5,1,2,24,0,0,44.8,19,home,2007
Brett FavreB. Favre,32,17,153,4.8,0,2,20,1,4,40.2,7,away,2007
Kyle OrtonK. Orton,15,9,104,6.9,1,0,33,0,0,103.2,35,home,2007
Sage RosenfelsS. Rosenfels,36,22,233,6.5,2,3,28,0,0,63.8,15,away,2007
Peyton ManningP. Manning,35,28,311,8.9,3,0,42,1,2,132.3,38,home,2007
Jim SorgiJ. Sorgi,5,3,29,5.8,0,0,11,0,0,76.2,38,home,2007
Damon HuardD. Huard,36,24,305,8.5,2,0,34t,4,30,111.5,20,away,2007
Brodie CroyleB. Croyle,12,9,69,5.8,0,1,29,0,0,53.8,20,away,2007
Jon KitnaJ. Kitna,16,9,115,7.2,0,1,26,2,16,52.9,25,home,2007
Cleo LemonC. Lemon,41,18,171,4.2,1,0,28,7,38,64.2,7,away,2007
Tom BradyT. Brady,33,18,215,6.5,3,2,48t,3,11,79.7,28,home,2007
Eli ManningE. Manning,15,7,111,7.4,0,2,39,2,17,32.2,38,away,2007
Trent EdwardsT. Edwards,26,9,161,6.2,2,3,42,3,34,42.8,21,home,2007
JaMarcus RussellJ. Russell,23,7,83,3.6,1,3,19,2,10,17.4,11,away,2007
Josh McCownJ. McCown,8,6,46,5.8,0,0,11,2,14,88.5,11,away,2007
David GarrardD. Garrard,18,11,199,11.1,2,1,43,1,8,113.0,49,home,2007
Quinn GrayQ. Gray,8,5,54,6.8,2,0,22,1,9,121.9,49,home,2007
Donovan McNabbD. McNabb,35,24,263,7.5,3,0,31t,3,12,119.1,38,away,2007
Drew BreesD. Brees,42,27,284,6.8,0,1,52,1,8,73.9,23,home,2007
Todd CollinsT. Collins,29,22,254,8.8,2,0,33t,1,6,124.8,32,away,2007
Clinton PortisC. Portis,1,1,15,15.0,1,0,15t,1,2,158.3,32,away,2007
Tarvaris JacksonT. Jackson,41,25,220,5.4,1,2,19,1,8,63.1,21,home,2007
Chris RedmanC. Redman,42,28,315,7.5,2,1,74t,2,12,94.8,27,away,2007
Kurt WarnerK. Warner,52,35,369,7.1,3,0,31,0,0,107.0,30,home,2007
Troy SmithT. Smith,33,16,199,6.0,1,0,79t,2,12,77.7,6,away,2007
Matt HasselbeckM. Hasselbeck,27,18,199,7.4,2,2,23,2,10,82.2,27,home,2007
Seneca WallaceS. Wallace,2,1,3,1.5,0,0,3,0,0,56.2,27,home,2007
Chad PenningtonC. Pennington,32,26,264,8.2,1,2,48,6,36,85.4,6,away,2007
Vince YoungV. Young,22,12,166,7.5,0,1,29,3,20,60.0,10,home,2007
Luke McCownL. McCown,32,18,185,5.8,1,1,24t,2,8,70.4,19,away,2007
Jeff GarciaJ. Garcia,20,12,196,9.8,1,0,32,2,6,109.6,19,away,2007
Shaun HillS. Hill,24,11,123,5.1,3,1,23t,2,7,83.9,21,home,2007
Jay CutlerJ. Cutler,32,14,155,4.8,0,2,27,4,22,32.7,3,away,2007
Philip RiversP. Rivers,25,17,189,7.6,1,0,30,1,3,103.6,23,home,2007
Billy VolekB. Volek,3,1,1,0.3,0,0,1,1,0,42.4,23,home,2007
Tom BradyT. Brady,42,32,356,8.5,2,0,65t,1,10,116.8,38,away,2007
Eli ManningE. Manning,32,22,251,7.8,4,1,52,1,14,118.6,35,home,2007
Trent EdwardsT. Edwards,30,16,133,4.4,0,0,24,0,0,65.0,9,away,2007
Donovan McNabbD. McNabb,41,29,345,8.4,1,1,40,4,23,94.1,17,home,2007
Matt MooreM. Moore,24,15,174,7.2,2,1,46,1,5,94.8,31,away,2007
Luke McCownL. McCown,28,21,236,8.4,2,1,52,4,40,108.6,23,home,2007
Carson PalmerC. Palmer,32,23,316,9.9,3,1,70t,0,0,121.4,38,away,2007
John BeckJ. Beck,21,13,135,6.4,1,0,22t,0,0,96.3,25,home,2007
Cleo LemonC. Lemon,21,14,123,5.9,1,0,19,1,8,97.9,25,home,2007
Tony RomoT. Romo,16,7,86,5.4,0,1,36,1,10,34.9,6,away,2007
Brad JohnsonB. Johnson,11,7,79,7.2,0,0,35,1,9,85.0,6,away,2007
Todd CollinsT. Collins,31,22,244,7.9,1,0,42t,3,21,104.8,27,home,2007
Jon KitnaJ. Kitna,48,22,246,5.1,1,2,30t,0,0,51.2,13,away,2007
Craig NallC. Nall,15,7,88,5.9,1,0,32t,1,10,87.6,34,home,2007
Brett FavreB. Favre,11,9,99,9.0,2,0,24,0,0,143.8,34,home,2007
Quinn GrayQ. Gray,39,25,302,7.7,4,0,48,2,17,122.0,28,away,2007
Sage RosenfelsS. Rosenfels,18,11,128,7.1,1,1,20,1,8,78.0,42,home,2007
Drew BreesD. Brees,60,35,320,5.3,3,2,21t,3,12,75.7,25,away,2007
Kyle OrtonK. Orton,27,12,190,7.0,2,1,55t,1,5,77.7,33,home,2007
Adrian PetersonA. Peterson,1,1,9,9.0,1,0,9t,0,0,143.8,33,home,2007
Devin HesterD. Hester,0,0,0,0.0,0,0,0,1,15,0.0,33,home,2007
Charlie BatchC. Batch,31,16,218,7.0,2,2,59t,0,0,69.0,21,away,2007
Troy SmithT. Smith,27,16,171,6.3,1,0,18,2,17,90.2,27,home,2007
Matt HasselbeckM. Hasselbeck,25,15,147,5.9,1,0,30t,2,11,89.9,41,away,2007
Seneca WallaceS. Wallace,22,17,206,9.4,2,1,45t,2,8,116.9,41,away,2007
Chris RedmanC. Redman,27,17,251,9.3,4,0,55t,2,11,132.9,44,home,2007
Chris WeinkeC. Weinke,22,13,104,4.7,1,0,21,5,31,86.2,7,away,2007
Derek AndersonD. Anderson,20,11,152,7.6,1,1,45t,1,2,75.4,20,home,2007
Brady QuinnB. Quinn,8,3,45,5.6,0,0,18,0,0,56.8,20,home,2007
Vince YoungV. Young,18,14,157,8.7,0,0,21,1,5,103.0,16,away,2007
Kerry CollinsK. Collins,13,10,106,8.2,0,0,19,0,0,100.2,16,away,2007
Jim SorgiJ. Sorgi,24,11,68,2.8,1,0,12,2,15,66.7,10,home,2007
Peyton ManningP. Manning,16,14,95,5.9,0,0,18,0,0,91.4,10,home,2007
Tarvaris JacksonT. Jackson,31,16,175,5.6,2,0,30,3,15,90.1,19,away,2007
Jay CutlerJ. Cutler,37,26,246,6.6,2,0,27,1,12,106.4,22,home,2007
Philip RiversP. Rivers,23,13,135,5.9,2,0,21,1,7,102.6,30,away,2007
Billy VolekB. Volek,4,2,5,1.2,0,0,4,0,0,56.2,30,away,2007
JaMarcus RussellJ. Russell,31,23,224,7.2,1,1,32t,4,30,91.3,17,home,2007
Marc BulgerM. Bulger,25,13,176,7.0,1,2,36t,3,21,54.8,19,away,2007
Gus FrerotteG. Frerotte,5,1,4,0.8,0,1,4,0,0,0.0,19,away,2007
Kurt WarnerK. Warner,39,23,300,7.7,3,2,26,0,0,87.6,48,home,2007
Brodie CroyleB. Croyle,43,20,195,4.5,1,0,26t,3,29,67.5,10,away,2007
Kellen ClemensK. Clemens,25,13,115,4.6,1,0,19,3,13,77.9,13,home,2007
Leon WashingtonL. Washington,1,1,36,36.0,0,0,36,0,0,118.8,13,home,2007
