qb,att,cmp,yds,ypa,td,int,lg,sack,loss,rate,game_points,home_away,year
Jason CampbellJ. Campbell,27,15,133,4.9,1,0,26,1,8,81.2,7,away,2008
Eli ManningE. Manning,35,19,216,6.2,0,1,30,2,16,61.1,16,home,2008
Carson PalmerC. Palmer,24,9,94,3.9,0,1,24,2,10,32.3,10,away,2008
Joe FlaccoJ. Flacco,29,15,129,4.4,0,0,15,0,0,63.7,17,home,2008
Brett FavreB. Favre,22,15,194,8.8,2,0,56t,3,13,125.9,20,away,2008
Chad PenningtonC. Pennington,43,26,251,5.8,2,1,24,4,23,82.6,14,home,2008
Brodie CroyleB. Croyle,19,11,88,4.6,0,0,20,1,10,69.6,10,away,2008
Damon HuardD. Huard,12,8,118,9.8,1,1,68,3,14,91.7,10,away,2008
Matt CasselM. Cassel,18,13,152,8.4,1,0,51,2,16,116.0,17,home,2008
Tom BradyT. Brady,11,7,76,6.9,0,0,26,0,0,83.9,17,home,2008
Matt SchaubM. Schaub,33,25,202,6.1,1,2,24,5,43,75.6,17,away,2008
Ben RoethlisbergerB. Roethlisberger,14,13,137,9.8,2,0,29,2,15,147.0,38,home,2008
Byron LeftwichB. Leftwich,4,0,0,0.0,0,0,0,0,0,39.6,38,home,2008
David GarrardD. Garrard,35,23,215,6.1,1,2,33,7,59,68.2,10,away,2008
Vince YoungV. Young,22,12,110,5.0,1,2,27,1,3,45.6,17,home,2008
Kerry CollinsK. Collins,2,2,65,32.5,0,0,44,0,0,118.8,17,home,2008
Jon KitnaJ. Kitna,33,24,262,7.9,2,1,38,3,16,103.3,21,away,2008
Matt RyanM. Ryan,13,9,161,12.4,1,0,62t,1,5,137.0,34,home,2008
Matt HasselbeckM. Hasselbeck,41,17,190,4.6,1,1,22,5,23,53.9,10,away,2008
Trent EdwardsT. Edwards,30,19,215,7.2,1,0,41,1,2,95.8,34,home,2008
Brian MoormanB. Moorman,1,1,19,19.0,1,0,19t,0,0,158.3,34,home,2008
Jeff GarciaJ. Garcia,41,24,221,5.4,1,1,26,2,15,71.3,20,away,2008
Drew BreesD. Brees,32,23,343,10.7,3,1,84t,1,6,124.9,24,home,2008
Marc BulgerM. Bulger,26,14,158,6.1,0,0,31,4,28,72.3,3,away,2008
Donovan McNabbD. McNabb,33,21,361,10.9,3,0,90t,0,0,131.0,38,home,2008
Kevin KolbK. Kolb,6,5,53,8.8,0,0,16,0,0,103.5,38,home,2008
Tony RomoT. Romo,32,24,320,10.0,1,1,35t,0,0,103.6,28,away,2008
Derek AndersonD. Anderson,24,11,114,4.8,1,0,18,1,0,74.0,10,home,2008
Jake DelhommeJ. Delhomme,41,23,247,6.0,1,0,37,1,1,82.1,26,away,2008
Philip RiversP. Rivers,27,17,217,8.0,3,0,44t,1,6,125.1,24,home,2008
Kurt WarnerK. Warner,30,19,197,6.6,1,0,40,3,21,93.3,23,away,2008
J.T. O'SullivanJ. O'Sullivan,20,14,195,9.8,0,1,37,4,12,80.2,13,home,2008
Kyle OrtonK. Orton,21,13,150,7.1,0,0,29,2,14,83.4,29,away,2008
Peyton ManningP. Manning,49,30,257,5.2,1,0,20,2,17,81.8,13,home,2008
Tarvaris JacksonT. Jackson,35,16,178,5.1,1,1,24,1,10,59.0,19,away,2008
Aaron RodgersA. Rodgers,22,18,178,8.1,1,0,56,0,0,115.5,24,home,2008
Jay CutlerJ. Cutler,24,16,300,12.5,2,0,72,0,0,137.5,41,away,2008
Eddie RoyalE. Royal,1,0,0,0.0,0,0,0,0,0,39.6,41,away,2008
JaMarcus RussellJ. Russell,26,17,180,6.9,2,0,24,3,23,111.1,14,home,2008
Kerry CollinsK. Collins,21,14,128,6.1,1,0,19,1,10,98.9,24,away,2008
Carson PalmerC. Palmer,27,16,134,5.0,0,2,36,1,7,41.3,7,home,2008
Trent EdwardsT. Edwards,25,20,239,9.6,1,0,37,3,29,119.8,20,away,2008
David GarrardD. Garrard,28,17,165,5.9,0,1,15,2,20,62.4,16,home,2008
JaMarcus RussellJ. Russell,17,6,55,3.2,0,0,14,0,0,45.0,23,away,2008
Tyler ThigpenT. Thigpen,33,14,151,4.6,1,1,30,3,29,54.0,8,home,2008
Damon HuardD. Huard,4,2,17,4.2,0,1,12,1,8,21.9,8,home,2008
Marques HagansM. Hagans,1,1,5,5.0,0,0,5,1,1,87.5,8,home,2008
Peyton ManningP. Manning,42,26,311,7.4,1,2,75,2,15,72.6,18,away,2008
Tarvaris JacksonT. Jackson,24,14,130,5.4,0,0,23,2,10,73.3,15,home,2008
Kyle OrtonK. Orton,32,19,149,4.7,0,0,32,1,8,71.0,17,away,2008
Jake DelhommeJ. Delhomme,21,12,128,6.1,0,1,33,3,26,55.3,20,home,2008
Aaron RodgersA. Rodgers,38,24,328,8.6,3,0,62,1,4,117.0,48,away,2008
Jon KitnaJ. Kitna,41,21,276,6.7,2,3,47t,5,20,58.6,25,home,2008
Dan OrlovskyD. Orlovsky,4,2,6,1.5,0,0,3,0,0,56.2,25,home,2008
Eli ManningE. Manning,29,20,260,9.0,3,0,33t,2,19,131.4,41,away,2008
Marc BulgerM. Bulger,32,20,177,5.5,1,1,45t,6,44,74.6,13,home,2008
Drew BreesD. Brees,33,22,216,6.5,1,2,22,2,21,69.8,24,away,2008
Jason CampbellJ. Campbell,36,24,321,8.9,1,0,67t,2,15,104.1,29,home,2008
Matt RyanM. Ryan,33,13,158,4.8,0,2,23,4,29,29.6,9,away,2008
Brian GrieseB. Griese,31,18,160,5.2,1,0,36,2,13,82.7,24,home,2008
J.T. O'SullivanJ. O'Sullivan,32,20,321,10.0,1,0,63,8,49,106.4,33,away,2008
Matt HasselbeckM. Hasselbeck,36,18,189,5.2,0,2,31,1,7,42.5,30,home,2008
Matt CasselM. Cassel,23,16,165,7.2,0,0,26,4,9,89.9,19,away,2008
Brett FavreB. Favre,26,18,181,7.0,1,1,54,2,29,85.6,10,home,2008
Philip RiversP. Rivers,33,21,377,11.4,3,1,67,1,1,120.4,38,away,2008
Jay CutlerJ. Cutler,50,36,350,7.0,4,1,34,1,9,109.6,39,home,2008
Chad PenningtonC. Pennington,20,10,112,5.6,0,0,20,2,15,67.1,10,away,2008
Chad HenneC. Henne,12,7,67,5.6,0,0,19,0,0,74.0,10,away,2008
Kurt WarnerK. Warner,24,19,361,15.0,3,0,79t,2,12,158.3,31,home,2008
Matt LeinartM. Leinart,2,1,15,7.5,0,0,15,0,0,75.0,31,home,2008
Joe FlaccoJ. Flacco,23,15,185,8.0,2,0,43t,3,28,118.9,41,away,2008
Troy SmithT. Smith,1,1,14,14.0,1,0,14t,0,0,158.3,41,away,2008
Sage RosenfelsS. Rosenfels,38,23,294,7.7,1,4,60t,2,14,53.9,13,home,2008
Ben RoethlisbergerB. Roethlisberger,20,13,179,8.9,1,0,48,2,15,110.2,10,away,2008
Derek AndersonD. Anderson,32,18,166,5.2,0,2,23,2,11,44.5,6,home,2008
Donovan McNabbD. McNabb,37,25,281,7.6,1,0,60,4,22,99.0,37,away,2008
Tony RomoT. Romo,30,21,312,10.4,3,1,72t,0,0,123.2,41,home,2008
Tyler ThigpenT. Thigpen,36,14,128,3.6,1,3,15t,2,11,23.8,14,away,2008
Matt RyanM. Ryan,18,12,192,10.7,1,0,70t,0,0,120.6,38,home,2008
JaMarcus RussellJ. Russell,19,9,156,8.2,1,0,84t,1,7,93.3,23,away,2008
Trent EdwardsT. Edwards,39,24,279,7.2,1,1,34,3,17,81.0,24,home,2008
Carson PalmerC. Palmer,39,27,286,7.3,1,0,26,6,41,98.9,23,away,2008
Eli ManningE. Manning,43,26,289,6.7,1,0,31,0,0,88.2,26,home,2008
Chad PenningtonC. Pennington,20,17,226,11.3,0,0,33,0,0,113.8,38,away,2008
Ronnie BrownR. Brown,1,1,19,19.0,1,0,19t,0,0,158.3,38,away,2008
Matt CasselM. Cassel,31,19,131,4.2,1,1,21,4,17,68.1,13,home,2008
Kevin O'ConnellK. O'Connell,4,3,25,6.2,0,0,12,1,2,90.6,13,home,2008
Matt SchaubM. Schaub,37,17,188,5.1,0,3,49,3,17,27.8,12,away,2008
Kerry CollinsK. Collins,25,13,185,7.4,1,1,37,0,0,72.9,31,home,2008
Brian GrieseB. Griese,67,38,407,6.1,2,3,38,0,0,66.0,27,away,2008
Kyle OrtonK. Orton,34,22,268,7.9,2,2,27,3,21,83.9,24,home,2008
Kurt WarnerK. Warner,30,16,192,6.4,2,1,62t,2,13,81.5,17,away,2008
Jerheme UrbanJ. Urban,1,1,18,18.0,0,0,18,0,0,118.8,17,away,2008
Jason CampbellJ. Campbell,30,22,193,6.4,2,0,26,2,17,112.2,24,home,2008
Antwaan Randle ElA. Randle El,1,1,11,11.0,0,0,11,0,0,112.5,24,home,2008
Jake DelhommeJ. Delhomme,29,17,191,6.6,0,0,29,5,34,78.4,10,away,2008
Gus FrerotteG. Frerotte,28,16,204,7.3,1,1,48,3,18,77.1,20,home,2008
Drew BreesD. Brees,48,39,421,8.8,1,0,74,1,7,110.2,32,away,2008
Jay CutlerJ. Cutler,34,21,264,7.8,2,1,35t,0,0,93.3,34,home,2008
Jon KitnaJ. Kitna,30,15,146,4.9,1,1,34t,4,22,61.2,13,away,2008
Dan OrlovskyD. Orlovsky,1,0,0,0.0,0,1,0,0,0,0.0,13,away,2008
J.T. O'SullivanJ. O'Sullivan,23,16,189,8.2,2,0,25,1,1,123.3,31,home,2008
Marc BulgerM. Bulger,31,18,184,5.9,1,1,50,1,9,72.5,13,away,2008
Matt HasselbeckM. Hasselbeck,20,12,172,8.6,1,0,34,1,10,104.6,37,home,2008
David GarrardD. Garrard,22,16,167,7.6,0,1,26,0,0,75.4,23,away,2008
Peyton ManningP. Manning,29,15,216,7.4,1,2,40,1,5,59.0,21,home,2008
Ben RoethlisbergerB. Roethlisberger,25,13,131,5.2,0,1,16,8,35,50.6,6,away,2008
Byron LeftwichB. Leftwich,7,4,60,8.6,0,0,21,1,9,85.4,6,away,2008
Donovan McNabbD. McNabb,35,24,196,5.6,1,1,20t,3,19,80.2,15,home,2008
Kevin KolbK. Kolb,3,2,18,6.0,0,1,12,0,0,43.1,15,home,2008
Derek AndersonD. Anderson,37,14,125,3.4,1,3,19t,4,26,22.9,10,away,2008
Joe FlaccoJ. Flacco,19,13,129,6.8,0,2,19,1,7,47.8,28,home,2008
Tony RomoT. Romo,30,17,260,8.7,1,1,63,3,24,82.6,27,away,2008
Patrick CraytonP. Crayton,1,0,0,0.0,0,0,0,0,0,39.6,27,away,2008
Aaron RodgersA. Rodgers,39,22,290,7.4,0,0,50,5,40,80.1,16,home,2008
Brett FavreB. Favre,42,30,271,6.5,3,2,41,3,30,92.5,29,away,2008
Kellen ClemensK. Clemens,5,3,26,5.2,0,1,11,0,0,34.2,29,away,2008
Philip RiversP. Rivers,25,19,250,10.0,3,1,60,0,0,130.0,48,home,2008
Derek AndersonD. Anderson,24,15,138,5.8,1,1,20,1,11,74.7,20,away,2008
Ryan FitzpatrickR. Fitzpatrick,35,21,156,4.5,1,3,22,3,14,44.5,12,home,2008
Matt SchaubM. Schaub,40,29,307,7.7,3,0,34,0,0,119.5,27,away,2008
David GarrardD. Garrard,32,23,236,7.4,1,0,24,1,0,103.1,30,home,2008
Jay CutlerJ. Cutler,49,29,361,7.4,1,2,40,1,9,71.9,19,away,2008
Damon HuardD. Huard,28,21,160,5.7,1,0,23,1,3,100.3,33,home,2008
Matt RyanM. Ryan,41,21,158,3.9,0,0,23,2,8,60.8,9,away,2008
Jake DelhommeJ. Delhomme,29,20,294,10.1,2,0,56t,0,0,124.8,24,home,2008
Kurt WarnerK. Warner,57,40,472,8.3,2,3,37,5,46,84.8,35,away,2008
Brett FavreB. Favre,34,24,289,8.5,6,1,40t,2,5,123.7,56,home,2008
J.T. O'SullivanJ. O'Sullivan,36,18,257,7.1,1,2,36,6,36,59.6,17,away,2008
Drew BreesD. Brees,35,23,363,10.4,3,1,81,0,0,116.7,31,home,2008
Aaron RodgersA. Rodgers,27,14,165,6.1,2,3,48t,3,18,55.9,21,away,2008
Matt FlynnM. Flynn,5,2,6,1.2,0,0,3,0,0,47.9,21,away,2008
Brian GrieseB. Griese,30,15,149,5.0,1,3,17,0,0,36.0,30,home,2008
Gus FrerotteG. Frerotte,43,25,266,6.2,0,1,28,2,9,66.6,17,away,2008
Tarvaris JacksonT. Jackson,1,1,8,8.0,0,0,8,2,12,100.0,17,away,2008
Kerry CollinsK. Collins,35,18,199,5.7,0,0,28,0,0,68.6,30,home,2008
Philip RiversP. Rivers,25,14,180,7.2,1,2,26,4,26,58.8,28,away,2008
JaMarcus RussellJ. Russell,37,22,277,7.5,1,1,63t,6,26,80.6,18,home,2008
Trent EdwardsT. Edwards,25,15,197,7.9,1,1,49,4,31,81.6,31,away,2008
Trent GreenT. Green,32,17,236,7.4,0,1,53,2,23,64.1,14,home,2008
Dante HallD. Hall,1,0,0,0.0,0,0,0,0,0,39.6,14,home,2008
Jason CampbellJ. Campbell,31,20,231,7.5,2,0,53,2,11,108.4,26,away,2008
Tony RomoT. Romo,47,28,300,6.4,3,1,26,0,0,90.7,24,home,2008
Donovan McNabbD. McNabb,41,25,262,6.4,1,1,31,3,25,77.5,20,away,2008
Kyle OrtonK. Orton,34,18,199,5.9,3,2,34,4,21,75.5,24,home,2008
Joe FlaccoJ. Flacco,31,16,192,6.2,1,0,35,5,52,81.7,20,away,2008
Ben RoethlisbergerB. Roethlisberger,24,14,191,8.0,1,1,49,3,23,80.4,23,home,2008
J.P. LosmanJ. Losman,21,15,220,10.5,1,1,87t,5,35,101.3,17,away,2008
Trent EdwardsT. Edwards,3,3,18,6.0,0,0,13,0,0,91.7,17,away,2008
Kurt WarnerK. Warner,42,33,250,6.0,2,0,18,0,0,107.3,41,home,2008
Kerry CollinsK. Collins,32,17,163,5.1,1,2,26,0,0,52.0,13,away,2008
Joe FlaccoJ. Flacco,27,18,153,5.7,0,2,22,0,0,50.4,10,home,2008
Damon HuardD. Huard,21,10,86,4.1,0,2,17,2,16,19.2,0,away,2008
Tyler ThigpenT. Thigpen,10,5,37,3.7,0,0,20,1,15,59.2,0,away,2008
Jake DelhommeJ. Delhomme,22,14,236,10.7,2,1,47t,0,0,111.2,34,home,2008
Peyton ManningP. Manning,34,25,247,7.3,2,1,36,2,12,101.0,31,away,2008
Sage RosenfelsS. Rosenfels,33,21,246,7.5,1,1,39,2,11,83.6,27,home,2008
Philip RiversP. Rivers,28,13,159,5.7,1,0,42,2,17,76.3,10,away,2008
Chad PenningtonC. Pennington,29,22,228,7.9,1,0,25,1,5,109.6,17,home,2008
Ricky WilliamsR. Williams,0,0,0,0.0,0,0,0,1,0,0.0,17,home,2008
Kyle OrtonK. Orton,34,24,334,9.8,2,0,52,1,6,121.4,34,away,2008
Dan OrlovskyD. Orlovsky,23,13,97,4.2,0,1,25,1,9,48.6,7,home,2008
Jon KitnaJ. Kitna,16,8,74,4.6,0,0,13,3,31,63.0,7,home,2008
Matt RyanM. Ryan,26,16,194,7.5,2,1,37,0,0,94.1,27,away,2008
Aaron RodgersA. Rodgers,37,25,313,8.5,3,1,44t,2,9,109.4,24,home,2008
Matt HasselbeckM. Hasselbeck,21,11,105,5.0,0,1,21,1,3,46.7,6,away,2008
Seneca WallaceS. Wallace,6,3,20,3.3,0,0,10,1,9,57.6,6,away,2008
Eli ManningE. Manning,25,19,267,10.7,2,0,41,1,3,136.6,44,home,2008
David CarrD. Carr,1,1,5,5.0,1,0,5t,0,0,127.1,44,home,2008
Jason CampbellJ. Campbell,29,16,176,6.1,0,0,26,1,9,73.3,23,away,2008
Antwaan Randle ElA. Randle El,1,1,18,18.0,1,0,18t,0,0,158.3,23,away,2008
Donovan McNabbD. McNabb,29,17,196,6.8,0,0,40,0,0,79.1,17,home,2008
Brian GrieseB. Griese,19,13,88,4.6,0,0,17,3,13,78.4,13,away,2008
Jeff GarciaJ. Garcia,17,13,93,5.5,1,1,14,0,0,83.7,13,away,2008
Jay CutlerJ. Cutler,34,23,227,6.7,1,0,33,0,0,96.1,16,home,2008
Carson PalmerC. Palmer,39,23,217,5.6,2,1,25,2,9,80.8,22,away,2008
Tony RomoT. Romo,23,14,176,7.7,3,1,57t,1,1,106.2,31,home,2008
Matt CasselM. Cassel,32,22,259,8.1,1,2,66t,5,26,77.5,30,away,2008
J.T. O'SullivanJ. O'Sullivan,29,14,130,4.5,3,3,38,1,8,55.9,21,home,2008
Ben RoethlisbergerB. Roethlisberger,41,26,309,7.5,3,1,48t,3,23,100.6,26,away,2008
David GarrardD. Garrard,32,18,200,6.2,1,0,32,3,25,85.4,21,home,2008
Gus FrerotteG. Frerotte,36,19,222,6.2,1,0,36,1,0,81.0,30,away,2008
Chester TaylorC. Taylor,1,1,4,4.0,1,0,4t,0,0,122.9,30,away,2008
Drew BreesD. Brees,46,26,330,7.2,1,2,52,1,10,68.2,27,home,2008
Chad PenningtonC. Pennington,25,19,284,11.4,2,1,80t,2,10,122.8,28,away,2008
Matt SchaubM. Schaub,42,22,379,9.0,1,2,61,1,8,71.4,29,home,2008
Joe FlaccoJ. Flacco,38,28,241,6.3,0,3,54,4,32,57.0,3,away,2008
Peyton ManningP. Manning,28,19,271,9.7,3,0,67t,2,13,134.7,31,home,2008
Ryan FitzpatrickR. Fitzpatrick,33,20,152,4.6,0,0,16,5,24,71.8,14,away,2008
Brett FavreB. Favre,33,25,189,5.7,1,2,29,2,23,73.9,26,home,2008
JaMarcus RussellJ. Russell,35,13,159,4.5,0,1,35,2,18,40.1,3,away,2008
Drew BreesD. Brees,30,26,320,10.7,3,0,51,1,1,144.4,34,home,2008
Kyle OrtonK. Orton,43,26,286,6.7,1,0,22,1,4,87.9,20,away,2008
Matt RyanM. Ryan,30,22,301,10.0,1,0,47,0,0,116.1,22,home,2008
Dan OrlovskyD. Orlovsky,21,12,150,7.1,1,0,37,6,38,95.3,10,away,2008
Gus FrerotteG. Frerotte,33,18,296,9.0,1,1,86t,5,39,82.4,12,home,2008
Jake DelhommeJ. Delhomme,39,20,242,6.2,0,3,48,0,0,38.6,3,away,2008
Jeff GarciaJ. Garcia,20,15,173,8.7,1,0,29,0,0,117.3,27,home,2008
Marc BulgerM. Bulger,26,15,136,5.2,0,0,43,2,12,72.0,19,away,2008
Jason CampbellJ. Campbell,26,18,208,8.0,0,0,29,4,21,93.1,17,home,2008
David GarrardD. Garrard,34,25,276,8.1,1,0,30t,2,15,107.0,24,away,2008
Jay CutlerJ. Cutler,37,21,192,5.2,2,1,21,0,0,77.8,17,home,2008
Aaron RodgersA. Rodgers,30,21,208,6.9,2,0,45t,2,8,111.5,27,away,2008
Charlie FryeC. Frye,23,12,83,3.6,2,2,19,3,19,53.4,17,home,2008
Tony RomoT. Romo,38,24,321,8.4,3,0,70t,3,20,116.2,24,away,2008
Kurt WarnerK. Warner,30,22,236,7.9,2,1,39,1,10,104.3,30,home,2008
Donovan McNabbD. McNabb,36,23,280,7.8,2,1,27,0,0,94.7,40,away,2008
J.T. O'SullivanJ. O'Sullivan,30,17,199,6.6,0,2,57,3,24,49.2,26,home,2008
Matt CasselM. Cassel,38,22,203,5.3,0,1,28,4,10,61.6,10,away,2008
Philip RiversP. Rivers,27,18,306,11.3,3,0,59,0,0,141.9,30,home,2008
Eli ManningE. Manning,28,18,196,7.0,1,3,25,1,4,57.1,14,away,2008
Derek AndersonD. Anderson,29,18,310,10.7,2,0,70,0,0,121.3,35,home,2008
Philip RiversP. Rivers,29,22,208,7.2,2,1,23,2,17,103.8,14,away,2008
Trent EdwardsT. Edwards,30,25,261,8.7,1,0,22,0,0,114.0,23,home,2008
Ben RoethlisbergerB. Roethlisberger,28,17,216,7.7,2,0,50t,0,0,108.6,38,away,2008
Byron LeftwichB. Leftwich,3,3,34,11.3,1,0,16t,0,0,153.5,38,away,2008
Ryan FitzpatrickR. Fitzpatrick,35,21,164,4.7,1,0,19,7,47,81.1,10,home,2008
Jordan PalmerJ. Palmer,4,3,11,2.8,0,0,8,0,0,77.1,10,home,2008
Kerry CollinsK. Collins,18,11,123,6.8,0,0,28,0,0,81.5,34,away,2008
Damon HuardD. Huard,16,9,96,6.0,0,0,28,2,15,74.0,10,home,2008
Tyler ThigpenT. Thigpen,11,5,76,6.9,0,0,27,1,6,68.8,10,home,2008
Brodie CroyleB. Croyle,10,9,63,6.3,0,0,22,0,0,92.9,10,home,2008
Joe FlaccoJ. Flacco,23,17,232,10.1,1,0,40,2,14,120.2,27,away,2008
Chad PenningtonC. Pennington,35,24,295,8.4,1,1,28,1,7,92.0,13,home,2008
Drew BreesD. Brees,39,21,231,5.9,0,1,54,1,3,61.0,7,away,2008
Jake DelhommeJ. Delhomme,22,14,195,8.9,2,0,39t,1,2,122.3,30,home,2008
Gus FrerotteG. Frerotte,40,25,298,7.5,2,4,34,2,14,62.3,41,away,2008
Kyle OrtonK. Orton,32,21,283,8.8,2,0,51t,2,9,114.5,48,home,2008
J.T. O'SullivanJ. O'Sullivan,28,16,256,9.1,1,2,30t,6,38,69.9,17,away,2008
Eli ManningE. Manning,31,16,161,5.2,1,0,35,0,0,77.5,29,home,2008
Brad JohnsonB. Johnson,34,17,234,6.9,1,3,36,3,17,45.5,14,away,2008
Marc BulgerM. Bulger,18,13,163,9.1,1,0,42t,5,28,118.5,34,home,2008
Dan OrlovskyD. Orlovsky,25,12,265,10.6,1,0,96t,2,16,99.6,21,away,2008
Matt SchaubM. Schaub,31,26,267,8.6,2,0,25,3,13,124.1,28,home,2008
Derek AndersonD. Anderson,37,14,136,3.7,1,0,20,1,2,57.9,11,away,2008
Jason CampbellJ. Campbell,23,14,164,7.1,1,0,35,1,6,97.0,14,home,2008
Peyton ManningP. Manning,42,21,229,5.5,0,2,34,0,0,46.6,14,away,2008
Aaron RodgersA. Rodgers,28,21,186,6.6,1,0,24,0,0,104.2,34,home,2008
Brett FavreB. Favre,38,21,197,5.2,0,2,31,3,21,47.8,13,away,2008
JaMarcus RussellJ. Russell,30,17,203,6.8,1,0,27,2,12,88.6,16,home,2008
Seneca WallaceS. Wallace,23,12,73,3.2,1,1,17,0,0,55.2,10,away,2008
Jeff GarciaJ. Garcia,36,27,310,8.6,1,0,47t,1,5,109.7,20,home,2008
Jay CutlerJ. Cutler,26,17,168,6.5,1,2,20,2,13,64.3,7,away,2008
Patrick RamseyP. Ramsey,3,2,19,6.3,0,0,10,1,5,84.0,7,away,2008
Matt CasselM. Cassel,24,18,185,7.7,3,0,29,6,38,136.3,41,home,2008
Philip RiversP. Rivers,40,25,341,8.5,3,1,32,0,0,104.3,32,away,2008
Drew BreesD. Brees,41,30,339,8.3,3,0,49,0,0,121.9,37,home,2008
JaMarcus RussellJ. Russell,33,15,228,6.9,1,1,60,4,41,66.2,10,away,2008
Joe FlaccoJ. Flacco,24,12,140,5.8,1,0,70t,0,0,81.9,29,home,2008
Troy SmithT. Smith,1,1,43,43.0,0,0,43,0,0,118.8,29,home,2008
Trent EdwardsT. Edwards,35,21,227,6.5,0,1,33,2,7,67.2,16,away,2008
Chad PenningtonC. Pennington,30,22,314,10.5,1,0,64,1,8,117.9,25,home,2008
Tyler ThigpenT. Thigpen,36,25,280,7.8,2,0,36,4,30,110.9,24,away,2008
Brett FavreB. Favre,40,28,290,7.2,2,3,24,1,5,76.0,28,home,2008
Brad SmithB. Smith,1,0,0,0.0,0,0,0,0,0,39.6,28,home,2008
Kurt WarnerK. Warner,49,35,381,7.8,2,1,30,2,16,99.1,23,away,2008
Dirk JohnsonD. Johnson,1,1,10,10.0,0,0,10,0,0,108.3,23,away,2008
J.J. ArringtonJ. Arrington,1,0,0,0.0,0,0,0,0,0,39.6,23,away,2008
Jake DelhommeJ. Delhomme,28,20,248,8.9,2,0,65t,1,10,122.3,27,home,2008
Jeff GarciaJ. Garcia,43,27,227,5.3,0,0,34,2,14,76.4,9,away,2008
Brad JohnsonB. Johnson,33,19,122,3.7,1,0,14,3,20,75.6,13,home,2008
Jason CampbellJ. Campbell,28,23,328,11.7,1,0,50t,3,24,127.4,25,away,2008
Dan OrlovskyD. Orlovsky,35,21,223,6.4,1,0,31,1,6,88.2,17,home,2008
Marc BulgerM. Bulger,34,18,304,8.9,1,1,69t,4,33,81.0,16,away,2008
Matt CasselM. Cassel,33,21,267,8.1,1,2,30,3,17,73.7,23,home,2008
Matt RyanM. Ryan,44,23,277,6.3,2,2,55t,2,19,68.1,14,away,2008
Donovan McNabbD. McNabb,34,19,253,7.4,0,0,30,2,13,79.7,27,home,2008
Derek AndersonD. Anderson,27,14,246,9.1,1,0,53,1,10,95.6,23,away,2008
David GarrardD. Garrard,42,25,283,6.7,2,0,35,3,16,95.6,17,home,2008
Eli ManningE. Manning,32,19,199,6.2,1,0,30,0,0,87.9,21,away,2008
Ben RoethlisbergerB. Roethlisberger,29,13,189,6.5,1,4,65t,5,35,38.5,14,home,2008
Seneca WallaceS. Wallace,25,15,222,8.9,2,0,62t,1,0,115.8,34,away,2008
Shaun HillS. Hill,23,15,173,7.5,1,0,33,2,11,102.3,13,home,2008
J.T. O'SullivanJ. O'Sullivan,21,13,131,6.2,0,1,53,3,29,59.8,13,home,2008
Peyton ManningP. Manning,41,26,223,5.4,2,2,26,0,0,73.5,21,away,2008
Kerry CollinsK. Collins,37,24,193,5.2,0,0,23,0,0,77.9,31,home,2008
Brett FavreB. Favre,28,19,201,7.2,0,1,40,0,0,73.7,26,away,2008
Trent EdwardsT. Edwards,35,24,289,8.3,1,2,42,5,27,79.3,17,home,2008
David GarrardD. Garrard,38,23,229,6.0,0,1,31,3,15,66.7,19,away,2008
Ryan FitzpatrickR. Fitzpatrick,31,21,162,5.2,2,1,22,2,9,88.4,21,home,2008
Joe FlaccoJ. Flacco,29,17,248,8.6,2,0,47t,2,12,109.6,37,away,2008
Derek AndersonD. Anderson,33,17,219,6.6,2,1,28t,1,9,80.2,27,home,2008
Sage RosenfelsS. Rosenfels,29,21,224,7.7,2,1,23,2,16,103.2,21,away,2008
Matt SchaubM. Schaub,16,11,139,8.7,0,1,31,3,20,69.5,21,away,2008
Gus FrerotteG. Frerotte,18,11,182,10.1,3,1,55,3,14,111.6,28,home,2008
Dan OrlovskyD. Orlovsky,47,28,292,6.2,2,2,22,2,12,74.1,23,away,2008
Rex GrossmanR. Grossman,18,8,58,3.2,1,1,18,0,0,47.9,27,home,2008
Kyle OrtonK. Orton,14,8,108,7.7,0,0,24,1,0,81.8,27,home,2008
Jeff GarciaJ. Garcia,43,31,339,7.9,1,1,29,0,0,93.1,30,away,2008
Earnest GrahamE. Graham,1,1,3,3.0,1,0,3t,0,0,118.8,30,away,2008
Tyler ThigpenT. Thigpen,25,14,164,6.6,1,0,56,1,0,89.4,27,home,2008
Mark BradleyM. Bradley,1,1,37,37.0,1,0,37t,0,0,158.3,27,home,2008
Kurt WarnerK. Warner,33,22,343,10.4,2,0,56t,1,9,121.1,34,away,2008
Marc BulgerM. Bulger,33,16,186,5.6,2,2,80t,2,16,60.9,13,home,2008
Aaron RodgersA. Rodgers,41,22,314,7.7,1,1,52,4,26,76.7,16,away,2008
Kerry CollinsK. Collins,37,18,180,4.9,0,0,25,2,11,62.9,19,home,2008
Chad PenningtonC. Pennington,40,23,281,7.0,0,1,24,2,7,68.9,26,away,2008
Ronnie BrownR. Brown,0,0,0,0.0,0,0,0,1,8,0.0,26,away,2008
Jay CutlerJ. Cutler,46,24,307,6.7,2,3,47,1,2,60.7,17,home,2008
Brooks BollingerB. Bollinger,16,9,63,3.9,1,1,24,2,15,60.2,14,away,2008
Brad JohnsonB. Johnson,11,5,71,6.5,0,2,28,2,17,27.3,14,away,2008
Eli ManningE. Manning,27,16,147,5.4,3,1,22,4,28,95.8,35,home,2008
Donovan McNabbD. McNabb,43,28,349,8.1,2,1,44,1,2,96.0,26,away,2008
Seneca WallaceS. Wallace,29,13,169,5.8,1,0,90t,4,22,75.2,7,home,2008
Matt RyanM. Ryan,22,17,220,10.0,2,0,37t,3,19,138.4,24,away,2008
JaMarcus RussellJ. Russell,19,6,31,1.6,0,1,7,4,21,19.0,0,home,2008
Matt CasselM. Cassel,34,25,204,6.0,0,1,20,0,0,76.1,15,away,2008
Kevin FaulkK. Faulk,1,1,-2,-2.0,0,0,-2,0,0,79.2,15,away,2008
Peyton ManningP. Manning,29,21,254,8.8,2,0,26,0,0,121.9,18,home,2008
Ben RoethlisbergerB. Roethlisberger,17,5,50,2.9,0,1,14,3,6,15.1,23,away,2008
Byron LeftwichB. Leftwich,10,7,129,12.9,1,0,50,2,13,145.8,23,away,2008
Jason CampbellJ. Campbell,43,24,206,4.8,0,2,29,7,45,49.2,6,home,2008
Jay CutlerJ. Cutler,42,24,447,10.6,3,1,93t,1,6,107.9,34,away,2008
Brady QuinnB. Quinn,35,23,239,6.8,2,0,30,0,0,104.3,30,home,2008
Kerry CollinsK. Collins,41,30,289,7.0,2,0,25,1,5,108.7,21,away,2008
Rex GrossmanR. Grossman,37,20,173,4.7,1,1,29,2,8,64.4,14,home,2008
David GarrardD. Garrard,25,18,238,9.5,2,0,29,1,11,128.4,38,away,2008
Cleo LemonC. Lemon,2,0,0,0.0,0,0,0,0,0,39.6,38,away,2008
Daunte CulpepperD. Culpepper,10,5,104,10.4,0,1,51,2,12,47.5,14,home,2008
Drew StantonD. Stanton,8,6,94,11.8,1,0,41,5,33,153.1,14,home,2008
Ryan FitzpatrickR. Fitzpatrick,32,20,155,4.8,0,2,14,2,7,48.3,6,away,2008
Matt SchaubM. Schaub,28,24,280,10.0,3,0,39t,1,5,144.0,35,home,2008
Trent EdwardsT. Edwards,23,13,120,5.2,1,2,15,2,12,49.2,10,away,2008
Matt CasselM. Cassel,32,22,234,7.3,0,0,27,1,8,89.8,20,home,2008
Drew BreesD. Brees,58,31,422,7.3,2,3,48,1,6,66.9,20,away,2008
Matt RyanM. Ryan,23,16,248,10.8,2,0,67t,0,0,134.0,34,home,2008
Seneca WallaceS. Wallace,38,21,185,4.9,1,0,20,3,13,77.2,19,away,2008
Chad PenningtonC. Pennington,36,22,209,5.8,1,1,39t,2,3,74.9,21,home,2008
Aaron RodgersA. Rodgers,26,15,142,5.5,0,0,19,4,32,72.9,27,away,2008
Gus FrerotteG. Frerotte,28,15,151,5.4,2,3,47t,2,10,53.4,28,home,2008
Marc BulgerM. Bulger,13,6,65,5.0,0,1,20,2,15,29.3,3,away,2008
Trent GreenT. Green,10,5,70,7.0,0,1,28,0,0,33.3,3,away,2008
Brett FavreB. Favre,19,14,167,8.8,1,0,54,0,0,117.7,47,home,2008
Jake DelhommeJ. Delhomme,27,7,72,2.7,1,4,27,2,15,12.3,17,away,2008
Andrew WalterA. Walter,32,14,143,4.5,0,2,28,3,19,31.1,6,home,2008
Marques TuiasosopoM. Tuiasosopo,2,1,4,2.0,0,0,4,2,16,56.2,6,home,2008
Peyton ManningP. Manning,40,21,240,6.0,3,0,65t,2,12,95.8,24,away,2008
Ben RoethlisbergerB. Roethlisberger,41,29,280,6.8,0,3,41,2,13,59.0,20,home,2008
Tyler ThigpenT. Thigpen,41,27,266,6.5,3,0,34t,1,3,108.4,19,away,2008
Philip RiversP. Rivers,36,27,316,8.8,2,2,31,2,8,96.5,20,home,2008
Eli ManningE. Manning,31,17,191,6.2,2,1,22,1,9,81.5,36,away,2008
Donovan McNabbD. McNabb,36,17,194,5.4,3,1,32,0,0,80.1,31,home,2008
Shaun HillS. Hill,40,19,217,5.4,2,2,31t,0,0,60.1,24,away,2008
Kurt WarnerK. Warner,42,32,328,7.8,3,0,46,0,0,121.9,29,home,2008
Brett FavreB. Favre,33,26,258,7.8,2,0,46,3,23,119.4,34,away,2008
Matt CasselM. Cassel,51,30,400,7.8,3,0,43,3,14,103.4,31,home,2008
Jay CutlerJ. Cutler,27,19,216,8.0,1,0,47,1,8,106.4,24,away,2008
Matt RyanM. Ryan,33,20,250,7.6,0,1,37,0,0,71.5,20,home,2008
Sage RosenfelsS. Rosenfels,18,13,192,10.7,0,1,61,2,13,83.6,27,away,2008
Peyton ManningP. Manning,46,30,320,7.0,2,0,28,0,0,99.9,33,home,2008
Kerry CollinsK. Collins,23,13,230,10.0,3,1,56t,1,0,112.3,24,away,2008
David GarrardD. Garrard,30,13,135,4.5,0,1,19,4,18,43.1,14,home,2008
JaMarcus RussellJ. Russell,22,15,156,7.1,0,0,27,4,22,88.4,15,away,2008
Darren McFaddenD. McFadden,0,0,0,0.0,0,0,0,1,5,0.0,15,away,2008
Chad PenningtonC. Pennington,22,16,174,7.9,0,0,27,3,14,95.6,17,home,2008
Joe FlaccoJ. Flacco,33,20,164,5.0,1,2,16,1,10,58.1,10,away,2008
Eli ManningE. Manning,23,13,153,6.7,1,1,24,1,7,73.3,30,home,2008
Daunte CulpepperD. Culpepper,35,20,207,5.9,1,2,32,3,21,60.1,22,away,2008
Jake DelhommeJ. Delhomme,19,10,102,5.4,1,0,16,0,0,85.9,31,home,2008
Donovan McNabbD. McNabb,58,28,339,5.8,1,3,57,2,16,50.9,13,away,2008
Ryan FitzpatrickR. Fitzpatrick,44,29,261,5.9,1,0,26t,8,35,89.3,13,home,2008
Kyle OrtonK. Orton,26,13,133,5.1,0,0,36,1,8,65.1,3,away,2008
Rex GrossmanR. Grossman,7,4,26,3.7,0,0,9,0,0,65.2,3,away,2008
Aaron RodgersA. Rodgers,30,23,227,7.6,2,1,29,0,0,105.8,37,home,2008
Drew BreesD. Brees,36,25,266,7.4,1,1,47t,0,0,88.4,30,away,2008
Tyler ThigpenT. Thigpen,38,19,235,6.2,2,1,42,4,29,76.1,20,home,2008
Gus FrerotteG. Frerotte,20,14,138,6.9,1,0,23,5,27,105.8,13,away,2008
Sidney RiceS. Rice,1,0,0,0.0,0,0,0,0,0,39.6,13,away,2008
Jeff GarciaJ. Garcia,30,23,255,8.5,0,0,36,1,0,101.4,19,home,2008
Marc BulgerM. Bulger,53,34,295,5.6,1,2,30,3,15,69.3,16,away,2008
Dane LookerD. Looker,0,0,0,0.0,0,0,0,1,0,0.0,16,away,2008
Shaun HillS. Hill,20,15,213,10.7,2,0,42,2,14,142.3,35,home,2008
J.T. O'SullivanJ. O'Sullivan,1,0,0,0.0,0,0,0,0,0,39.6,35,home,2008
Kurt WarnerK. Warner,44,32,395,9.0,1,1,45,2,13,98.2,26,away,2008
Matt HasselbeckM. Hasselbeck,29,17,170,5.9,1,3,33,2,17,47.3,20,home,2008
Philip RiversP. Rivers,26,15,164,6.3,0,2,26,2,12,44.4,10,away,2008
Ben RoethlisbergerB. Roethlisberger,41,31,308,7.5,0,0,30,4,22,96.4,11,home,2008
Tony RomoT. Romo,27,19,198,7.3,1,2,28,0,0,72.8,14,away,2008
Jason CampbellJ. Campbell,34,22,162,4.8,1,1,24,3,26,73.4,10,home,2008
Antwaan Randle ElA. Randle El,1,0,0,0.0,0,0,0,0,0,39.6,10,home,2008
Brady QuinnB. Quinn,36,14,185,5.1,0,0,23,1,9,55.9,29,away,2008
Trent EdwardsT. Edwards,26,16,148,5.7,1,3,22,0,0,50.3,27,home,2008
Ryan FitzpatrickR. Fitzpatrick,37,20,168,4.5,1,1,31,1,3,63.8,10,away,2008
Ben RoethlisbergerB. Roethlisberger,30,17,243,8.1,1,0,37,0,0,94.2,27,home,2008
Sage RosenfelsS. Rosenfels,32,24,275,8.6,1,2,22,1,4,84.8,16,away,2008
Brady QuinnB. Quinn,18,8,94,5.2,0,2,42,0,0,21.3,6,home,2008
Derek AndersonD. Anderson,14,5,51,3.6,0,1,18,0,0,17.3,6,home,2008
Trent EdwardsT. Edwards,32,24,273,8.5,2,0,51,0,0,121.0,54,away,2008
Tyler ThigpenT. Thigpen,31,17,240,7.7,3,2,45t,3,13,85.4,31,home,2008
Quinn GrayQ. Gray,8,7,76,9.5,1,0,26,0,0,145.8,31,home,2008
Matt CasselM. Cassel,43,30,415,9.7,3,1,64,2,7,114.0,48,away,2008
Chad PenningtonC. Pennington,41,24,341,8.3,3,1,46,3,15,99.7,28,home,2008
Brett FavreB. Favre,32,25,224,7.0,2,1,25,2,7,103.6,34,away,2008
Kerry CollinsK. Collins,39,21,243,6.2,1,0,37,1,7,81.5,13,home,2008
Jake DelhommeJ. Delhomme,35,21,295,8.4,1,0,41,3,21,96.7,28,away,2008
Matt RyanM. Ryan,27,17,259,9.6,0,0,69,1,0,94.5,45,home,2008
Kevin KolbK. Kolb,23,10,73,3.2,0,2,15,0,0,15.3,7,away,2008
Donovan McNabbD. McNabb,18,8,59,3.3,0,2,15,2,12,13.2,7,away,2008
Joe FlaccoJ. Flacco,26,12,183,7.0,2,0,53t,3,45,95.5,36,home,2008
Shaun HillS. Hill,33,21,303,9.2,2,1,47,4,25,100.9,22,away,2008
Tony RomoT. Romo,39,23,341,8.7,3,0,75t,1,7,113.3,35,home,2008
Jeff GarciaJ. Garcia,18,13,165,9.2,2,0,36t,5,26,137.5,38,away,2008
Daunte CulpepperD. Culpepper,20,8,121,6.0,1,2,41,4,35,37.7,20,home,2008
Drew StantonD. Stanton,6,2,13,2.2,0,0,10,0,0,42.4,20,home,2008
Gus FrerotteG. Frerotte,20,12,120,6.0,0,1,40,3,16,56.2,30,away,2008
David GarrardD. Garrard,45,27,317,7.0,1,2,30,4,31,70.3,12,home,2008
Kyle OrtonK. Orton,28,17,132,4.7,1,0,27,1,6,84.2,27,away,2008
Trent GreenT. Green,30,16,219,7.3,0,4,38,4,35,37.4,3,home,2008
Brock BerlinB. Berlin,3,1,6,2.0,0,0,6,0,0,42.4,3,home,2008
Marc BulgerM. Bulger,2,2,11,5.5,0,0,15,1,8,89.6,3,home,2008
Donnie JonesD. Jones,1,0,0,0.0,0,0,0,0,0,39.6,3,home,2008
JaMarcus RussellJ. Russell,11,10,152,13.8,1,0,51,0,0,149.1,31,away,2008
Michael BushM. Bush,1,1,8,8.0,0,0,8,0,0,100.0,31,away,2008
Jay CutlerJ. Cutler,37,16,204,5.5,0,1,32,0,0,49.8,10,home,2008
Eli ManningE. Manning,33,26,240,7.3,3,0,30,1,6,127.3,37,away,2008
Kurt WarnerK. Warner,52,32,351,6.8,1,1,32,1,3,79.9,29,home,2008
Jason CampbellJ. Campbell,33,20,206,6.2,1,0,24,2,7,88.7,20,away,2008
Matt HasselbeckM. Hasselbeck,24,12,103,4.3,2,2,21,2,14,54.7,17,home,2008
Peyton ManningP. Manning,44,32,255,5.8,2,1,29,1,5,92.5,23,away,2008
Philip RiversP. Rivers,31,24,288,9.3,2,0,39t,2,14,126.8,20,home,2008
Aaron RodgersA. Rodgers,41,23,248,6.0,2,3,29,2,14,59.8,29,away,2008
Drew BreesD. Brees,26,20,323,12.4,4,0,70t,1,5,157.5,51,home,2008
Lance MooreL. Moore,1,0,0,0.0,0,1,0,0,0,0.0,51,home,2008
Kerry CollinsK. Collins,18,11,127,7.1,0,0,26,1,17,82.4,47,away,2008
Vince YoungV. Young,1,1,54,54.0,0,0,54,0,0,118.8,47,away,2008
Daunte CulpepperD. Culpepper,26,13,134,5.2,1,1,26,2,4,62.0,10,home,2008
Drew HensonD. Henson,2,1,20,10.0,0,0,20,2,19,85.4,10,home,2008
Matt HasselbeckM. Hasselbeck,38,22,287,7.6,0,1,33,7,45,70.8,9,away,2008
Tony RomoT. Romo,34,22,331,9.7,3,1,38,0,0,113.7,34,home,2008
Kurt WarnerK. Warner,39,21,235,6.0,3,3,40,0,0,65.7,20,away,2008
Donovan McNabbD. McNabb,39,27,260,6.7,4,0,25,1,8,121.7,48,home,2008
Peyton ManningP. Manning,21,15,125,6.0,0,2,17,0,0,46.8,10,away,2008
Derek AndersonD. Anderson,26,16,110,4.2,0,0,20,3,18,71.0,6,home,2008
Ken DorseyK. Dorsey,3,0,0,0.0,0,1,0,0,0,0.0,6,home,2008
Joe FlaccoJ. Flacco,29,19,280,9.7,2,0,70t,2,8,119.9,34,away,2008
Mark ClaytonM. Clayton,1,1,32,32.0,1,0,32t,0,0,158.3,34,away,2008
Ryan FitzpatrickR. Fitzpatrick,31,12,124,4.0,0,0,46,3,22,51.0,3,home,2008
Jordan PalmerJ. Palmer,2,0,0,0.0,0,1,0,1,4,0.0,3,home,2008
Jay CutlerJ. Cutler,43,27,357,8.3,2,1,59t,0,0,94.8,34,away,2008
Brett FavreB. Favre,43,23,247,5.7,0,1,34,2,6,60.9,17,home,2008
Chad PenningtonC. Pennington,23,13,166,7.2,0,0,37,0,0,79.3,16,away,2008
Ronnie BrownR. Brown,1,1,22,22.0,0,0,22,0,0,118.8,16,away,2008
Marc BulgerM. Bulger,35,16,149,4.3,0,3,23,0,0,22.2,12,home,2008
Shaun HillS. Hill,23,14,161,7.0,1,0,20,3,28,96.5,10,away,2008
Trent EdwardsT. Edwards,21,10,112,5.3,0,0,24,0,0,64.0,3,home,2008
J.P. LosmanJ. Losman,17,11,93,5.5,0,0,17,3,11,78.8,3,home,2008
Jake DelhommeJ. Delhomme,17,12,177,10.4,0,0,54,2,7,104.3,35,away,2008
Aaron RodgersA. Rodgers,45,29,298,6.6,3,1,46,2,5,96.3,31,home,2008
Drew BreesD. Brees,47,25,296,6.3,2,3,37,1,8,60.2,20,away,2008
Jeff GarciaJ. Garcia,23,9,119,5.2,1,0,39t,4,14,70.7,23,home,2008
Eli ManningE. Manning,34,21,305,9.0,1,1,48,2,9,88.5,23,away,2008
Jason CampbellJ. Campbell,38,23,232,6.1,0,1,23,4,21,67.0,7,home,2008
Antwaan Randle ElA. Randle El,1,1,17,17.0,0,0,17,0,0,118.8,7,home,2008
Matt RyanM. Ryan,23,17,207,9.0,2,0,38,0,0,130.2,22,away,2008
Philip RiversP. Rivers,30,17,149,5.0,0,0,18,3,18,70.0,16,home,2008
Ben RoethlisbergerB. Roethlisberger,33,17,179,5.4,2,1,21,1,7,75.2,33,away,2008
Matt CasselM. Cassel,39,19,169,4.3,0,2,27,5,24,39.4,10,home,2008
Tyler ThigpenT. Thigpen,22,15,162,7.4,0,1,23,1,6,70.6,20,away,2008
JaMarcus RussellJ. Russell,28,10,132,4.7,0,0,28,0,0,51.5,13,home,2008
Kyle OrtonK. Orton,29,11,153,5.3,2,3,65t,3,28,39.1,14,away,2008
Gus FrerotteG. Frerotte,25,16,210,8.4,1,1,99t,2,10,87.1,34,home,2008
David GarrardD. Garrard,35,25,287,8.2,1,1,33,3,25,93.4,17,away,2008
Sage RosenfelsS. Rosenfels,24,14,200,8.3,1,1,46,0,0,81.9,30,home,2008
Matt TurkM. Turk,1,0,0,0.0,0,0,0,0,0,39.6,30,home,2008
Andrew WalterA. Walter,17,8,61,3.6,0,1,16,2,20,31.7,7,away,2008
JaMarcus RussellJ. Russell,13,9,68,5.2,0,2,21,1,0,42.0,7,away,2008
Philip RiversP. Rivers,22,10,214,9.7,3,0,59t,0,0,120.1,34,home,2008
David GarrardD. Garrard,38,19,178,4.7,1,1,27,3,19,61.1,10,away,2008
Kyle OrtonK. Orton,34,20,219,6.4,2,1,31,1,9,85.3,23,home,2008
Matt SchaubM. Schaub,42,28,414,9.9,2,1,58t,1,6,104.7,24,away,2008
Aaron RodgersA. Rodgers,30,19,295,9.8,2,1,63,2,16,104.2,21,home,2008
Ryan FitzpatrickR. Fitzpatrick,26,18,170,6.5,0,2,26,4,23,55.0,3,away,2008
Jordan PalmerJ. Palmer,6,4,30,5.0,0,1,13,1,7,38.9,3,away,2008
Peyton ManningP. Manning,32,26,277,8.7,3,0,67,0,0,134.0,35,home,2008
Ken DorseyK. Dorsey,43,22,150,3.5,0,1,25,1,7,49.6,9,away,2008
Joshua CribbsJ. Cribbs,1,0,0,0.0,0,0,0,0,0,39.6,9,away,2008
Kerry CollinsK. Collins,23,14,155,6.7,2,2,28t,0,0,73.6,28,home,2008
Jason CampbellJ. Campbell,37,21,218,5.9,1,2,27,2,26,60.4,10,away,2008
Joe FlaccoJ. Flacco,21,10,134,6.4,1,1,30,0,0,64.4,24,home,2008
Tarvaris JacksonT. Jackson,10,8,105,10.5,1,0,16,1,0,143.8,20,away,2008
Gus FrerotteG. Frerotte,10,7,70,7.0,0,2,25,1,7,50.0,20,away,2008
Daunte CulpepperD. Culpepper,24,14,220,9.2,1,0,70t,3,23,102.8,16,home,2008
Drew HensonD. Henson,0,0,0,0.0,0,0,0,1,6,0.0,16,home,2008
Donovan McNabbD. McNabb,30,19,191,6.4,1,0,40t,0,0,92.5,20,away,2008
Eli ManningE. Manning,27,13,123,4.6,1,0,19,0,0,73.5,14,home,2008
Matt RyanM. Ryan,33,24,315,9.5,1,1,59,0,0,99.9,25,away,2008
Drew BreesD. Brees,32,18,230,7.2,2,0,36,0,0,99.7,29,home,2008
Chad PenningtonC. Pennington,29,23,181,6.2,1,0,20t,1,1,104.2,16,away,2008
J.P. LosmanJ. Losman,27,13,123,4.6,0,1,23,4,44,45.8,3,home,2008
Tyler ThigpenT. Thigpen,32,17,187,5.8,1,0,34,1,10,81.1,17,away,2008
Jay CutlerJ. Cutler,40,32,286,7.2,2,1,25,0,0,102.7,24,home,2008
Brett FavreB. Favre,31,20,137,4.4,0,1,24,3,14,60.8,14,away,2008
Shaun HillS. Hill,39,28,285,7.3,2,1,31,2,10,98.8,24,home,2008
Tony RomoT. Romo,36,19,210,5.8,1,3,50,3,16,44.9,13,away,2008
Ben RoethlisbergerB. Roethlisberger,33,17,204,6.2,1,0,47,5,36,80.9,20,home,2008
Marc BulgerM. Bulger,37,22,228,6.2,1,1,27,1,5,75.1,10,away,2008
Dane LookerD. Looker,1,0,0,0.0,0,0,0,0,0,39.6,10,away,2008
Kurt WarnerK. Warner,33,24,279,8.5,1,1,58,1,7,95.4,34,home,2008
Matt CasselM. Cassel,44,26,268,6.1,1,0,33,3,8,84.3,24,away,2008
Seneca WallaceS. Wallace,28,20,212,7.6,3,0,63,1,7,128.9,21,home,2008
Jeff GarciaJ. Garcia,38,24,321,8.4,2,0,52,5,23,107.5,23,away,2008
Jake DelhommeJ. Delhomme,20,14,173,8.7,1,2,38t,1,8,73.5,38,home,2008
Drew BreesD. Brees,43,24,232,5.4,2,2,24,1,6,67.2,24,away,2008
Kyle OrtonK. Orton,40,24,172,4.3,0,2,20,1,1,49.2,27,home,2008
Brad MaynardB. Maynard,1,0,0,0.0,0,0,0,0,0,39.6,27,home,2008
Ben RoethlisbergerB. Roethlisberger,40,22,246,6.2,1,0,30,3,26,81.9,13,away,2008
Joe FlaccoJ. Flacco,28,11,115,4.1,0,2,24,2,25,22.2,9,home,2008
Jay CutlerJ. Cutler,33,21,172,5.2,1,1,19,3,14,74.3,10,away,2008
Jake DelhommeJ. Delhomme,26,17,253,9.7,1,1,38,0,0,93.9,30,home,2008
Kerry CollinsK. Collins,33,15,181,5.5,0,1,40,0,0,50.2,12,away,2008
Matt SchaubM. Schaub,39,23,284,7.3,1,0,65,3,16,90.1,13,home,2008
Philip RiversP. Rivers,48,34,346,7.2,2,1,42,3,20,96.4,22,away,2008
Tyler ThigpenT. Thigpen,28,19,171,6.1,1,1,21,0,0,81.1,21,home,2008
Larry JohnsonL. Johnson,1,1,4,4.0,1,0,4t,0,0,122.9,21,home,2008
J.P. LosmanJ. Losman,39,24,148,3.8,1,3,14,3,29,45.7,27,away,2008
Brett FavreB. Favre,30,17,207,6.9,1,2,26,0,0,61.4,31,home,2008
Brian GrieseB. Griese,37,26,269,7.3,1,1,27,4,43,88.7,10,away,2008
Matt RyanM. Ryan,23,15,206,9.0,0,2,30,1,8,57.5,13,home,2008
Jason CampbellJ. Campbell,28,17,167,6.0,1,0,20,0,0,89.4,13,away,2008
Ryan FitzpatrickR. Fitzpatrick,29,16,209,7.2,1,0,79,2,5,89.6,20,home,2008
Dan OrlovskyD. Orlovsky,34,23,233,6.9,1,0,33t,0,0,96.8,21,away,2008
Peyton ManningP. Manning,37,28,318,8.6,1,0,39,1,3,110.0,31,home,2008
Aaron RodgersA. Rodgers,32,20,278,8.7,1,1,46,3,24,87.8,16,away,2008
David GarrardD. Garrard,33,21,238,7.2,2,0,41,2,9,105.4,20,home,2008
Shaun HillS. Hill,46,30,233,5.1,0,0,20,5,27,77.5,9,away,2008
Isaac BruceI. Bruce,1,0,0,0.0,0,0,0,0,0,39.6,9,away,2008
Chad PenningtonC. Pennington,19,12,156,8.2,2,0,61t,1,6,124.0,14,home,2008
Seneca WallaceS. Wallace,25,15,226,9.0,0,0,45,3,18,89.8,23,away,2008
Marc BulgerM. Bulger,32,19,207,6.5,1,0,31t,1,7,88.9,20,home,2008
Dane LookerD. Looker,1,1,11,11.0,0,0,11,0,0,112.5,20,home,2008
Tarvaris JacksonT. Jackson,17,11,163,9.6,4,0,59t,3,6,135.5,35,away,2008
Kurt WarnerK. Warner,45,29,270,6.0,1,1,50t,4,25,78.9,14,home,2008
Matt LeinartM. Leinart,5,3,28,5.6,0,0,12,0,0,75.4,14,home,2008
Matt CasselM. Cassel,30,18,218,7.3,4,1,30,3,8,108.1,49,away,2008
JaMarcus RussellJ. Russell,32,17,242,7.6,2,1,56t,2,24,85.7,26,home,2008
Michael BushM. Bush,1,0,0,0.0,0,0,0,0,0,39.6,26,home,2008
Eli ManningE. Manning,35,18,191,5.5,0,2,23,8,45,43.9,8,away,2008
Tony RomoT. Romo,30,20,244,8.1,2,0,34t,4,23,113.8,20,home,2008
Ken DorseyK. Dorsey,28,11,156,5.6,0,2,28,2,17,28.3,10,away,2008
Joshua CribbsJ. Cribbs,1,0,0,0.0,0,0,0,0,0,39.6,10,away,2008
Donovan McNabbD. McNabb,35,26,290,8.3,2,1,25,2,6,105.7,30,home,2008
Kevin KolbK. Kolb,2,0,0,0.0,0,1,0,0,0,0.0,30,home,2008
DeSean JacksonD. Jackson,1,0,0,0.0,0,1,0,0,0,0.0,30,home,2008
Peyton ManningP. Manning,34,29,364,10.7,3,0,41t,0,0,140.7,31,away,2008
David GarrardD. Garrard,41,28,329,8.0,1,1,28t,3,25,90.4,24,home,2008
Joe FlaccoJ. Flacco,25,17,149,6.0,1,0,23,5,26,96.9,33,away,2008
Tony RomoT. Romo,45,24,252,5.6,2,2,35,2,17,66.2,24,home,2008
Ryan FitzpatrickR. Fitzpatrick,9,5,55,6.1,1,0,20t,0,0,110.9,14,away,2008
Ken DorseyK. Dorsey,17,10,64,3.8,0,3,12,2,19,27.2,0,home,2008
Bruce GradkowskiB. Gradkowski,5,2,8,1.6,0,1,4,1,12,8.3,0,home,2008
Trent EdwardsT. Edwards,25,17,193,7.7,1,0,65,1,5,104.2,30,away,2008
Jay CutlerJ. Cutler,45,25,359,8.0,0,1,36,1,8,72.4,23,home,2008
Chad PenningtonC. Pennington,34,26,235,6.9,3,1,19,0,0,111.8,38,away,2008
Tyler ThigpenT. Thigpen,41,20,320,7.8,2,3,75,3,8,61.0,31,home,2008
Ben RoethlisbergerB. Roethlisberger,39,25,329,8.4,2,2,31t,5,28,86.4,14,away,2008
Kerry CollinsK. Collins,29,20,215,7.4,1,0,34t,1,10,101.9,31,home,2008
Donovan McNabbD. McNabb,46,26,230,5.0,0,0,47,2,17,70.0,3,away,2008
Jason CampbellJ. Campbell,33,18,144,4.4,0,0,17,3,17,65.7,10,home,2008
Kurt WarnerK. Warner,18,6,30,1.7,0,0,10,1,7,42.4,7,away,2008
Matt LeinartM. Leinart,14,6,138,9.9,1,1,78t,2,19,72.9,7,away,2008
Matt CasselM. Cassel,36,20,345,9.6,3,0,76t,1,12,116.1,47,home,2008
Kevin O'ConnellK. O'Connell,2,1,-2,-1.0,0,0,-2,0,0,56.2,47,home,2008
Drew BreesD. Brees,40,30,351,8.8,2,0,64,0,0,117.8,42,away,2008
Dan OrlovskyD. Orlovsky,23,10,125,5.4,0,2,28,1,9,24.7,7,home,2008
Drew StantonD. Stanton,3,1,12,4.0,0,0,12,1,2,46.5,7,home,2008
Matt RyanM. Ryan,24,13,134,5.6,1,0,22,2,10,84.4,24,away,2008
Tarvaris JacksonT. Jackson,36,22,233,6.5,2,0,31,3,38,98.5,17,home,2008
Jake DelhommeJ. Delhomme,19,11,185,9.7,0,0,60,0,0,90.9,28,away,2008
Eli ManningE. Manning,27,17,181,6.7,1,0,40,3,23,94.8,34,home,2008
Shaun HillS. Hill,34,18,216,6.4,2,3,48t,4,26,55.5,17,away,2008
Marc BulgerM. Bulger,36,19,227,6.3,1,1,30t,3,19,70.0,16,home,2008
Dane LookerD. Looker,1,1,6,6.0,0,0,6,0,0,91.7,16,home,2008
Brett FavreB. Favre,31,18,187,6.0,0,2,30,4,37,48.7,3,away,2008
Seneca WallaceS. Wallace,25,18,175,7.0,1,0,26,0,0,104.6,13,home,2008
Matt SchaubM. Schaub,36,19,255,7.1,0,1,65,3,21,64.0,16,away,2008
JaMarcus RussellJ. Russell,25,18,236,9.4,2,0,29t,1,13,128.1,27,home,2008
Philip RiversP. Rivers,31,21,287,9.3,4,0,32t,1,7,136.7,41,away,2008
Jeff GarciaJ. Garcia,34,21,232,6.8,1,2,71t,2,1,67.3,24,home,2008
Luke McCownL. McCown,1,0,0,0.0,0,0,0,0,0,39.6,24,home,2008
Aaron RodgersA. Rodgers,39,24,260,6.7,2,1,35,0,0,87.6,17,away,2008
Kyle OrtonK. Orton,27,14,142,5.3,1,2,21,3,6,48.7,20,home,2008
Bruce GradkowskiB. Gradkowski,16,5,18,1.1,0,2,12,3,6,1.0,0,away,2008
Joshua CribbsJ. Cribbs,2,1,8,4.0,0,0,8,0,0,60.4,0,away,2008
Ben RoethlisbergerB. Roethlisberger,14,9,110,7.9,0,1,24,0,0,58.6,31,home,2008
Byron LeftwichB. Leftwich,12,7,80,6.7,0,0,21,0,0,78.5,31,home,2008
Dennis DixonD. Dixon,1,1,3,3.0,0,0,3,0,0,79.2,31,home,2008
Vince YoungV. Young,13,9,55,4.2,0,0,13,2,10,77.4,0,away,2008
Chris SimmsC. Simms,2,1,7,3.5,0,0,7,1,10,58.3,0,away,2008
Kerry CollinsK. Collins,2,1,0,0.0,0,0,0,0,0,56.2,0,away,2008
Jim SorgiJ. Sorgi,30,22,178,5.9,0,0,33,0,0,87.9,23,home,2008
Peyton ManningP. Manning,7,7,95,13.6,1,0,55t,1,4,158.3,23,home,2008
Matt CasselM. Cassel,8,6,78,9.8,0,0,19,1,5,105.2,13,away,2008
Trent EdwardsT. Edwards,25,14,128,5.1,0,0,18,2,13,70.1,0,home,2008
David GarrardD. Garrard,25,14,127,5.1,1,2,23t,1,0,49.9,7,away,2008
Joe FlaccoJ. Flacco,23,17,297,12.9,0,0,48,2,17,115.8,27,home,2008
Troy SmithT. Smith,2,1,25,12.5,0,0,25,1,1,95.8,27,home,2008
Tyler ThigpenT. Thigpen,36,19,191,5.3,1,0,32,1,2,77.4,6,away,2008
Ryan FitzpatrickR. Fitzpatrick,30,18,129,4.3,0,0,16,1,4,70.0,16,home,2008
Chad PenningtonC. Pennington,30,22,200,6.7,2,0,44,1,7,113.2,24,away,2008
Ronnie BrownR. Brown,1,0,0,0.0,0,0,0,0,0,39.6,24,away,2008
Brett FavreB. Favre,40,20,233,5.8,1,3,27,0,0,45.1,17,home,2008
Brad SmithB. Smith,1,1,18,18.0,0,0,18,0,0,118.8,17,home,2008
JaMarcus RussellJ. Russell,21,14,148,7.0,2,1,28,1,3,98.9,31,away,2008
Jeff GarciaJ. Garcia,33,17,257,7.8,1,1,58t,1,2,74.9,24,home,2008
Tony RomoT. Romo,39,21,183,4.7,0,1,35,3,15,55.8,6,away,2008
Jason WittenJ. Witten,1,1,42,42.0,0,0,42,0,0,118.8,6,away,2008
Brooks BollingerB. Bollinger,1,1,8,8.0,0,0,8,1,7,100.0,6,away,2008
Donovan McNabbD. McNabb,21,12,175,8.3,2,0,59,1,9,116.2,44,home,2008
Eli ManningE. Manning,19,11,119,6.3,0,0,26,1,5,76.4,19,away,2008
David CarrD. Carr,11,8,110,10.0,1,0,27,1,2,134.7,19,away,2008
Tarvaris JacksonT. Jackson,26,16,239,9.2,1,1,54t,2,21,88.5,20,home,2008
Kyle OrtonK. Orton,37,22,244,6.6,2,0,37,2,19,97.1,24,away,2008
Matt SchaubM. Schaub,36,27,328,9.1,2,0,43t,0,0,121.1,31,home,2008
Marc BulgerM. Bulger,32,19,230,7.2,1,0,36,3,24,91.9,27,away,2008
Matt RyanM. Ryan,21,10,160,7.6,1,2,41,1,6,49.8,31,home,2008
Dan OrlovskyD. Orlovsky,42,22,225,5.4,2,2,36,1,5,64.1,21,away,2008
Aaron RodgersA. Rodgers,31,21,308,9.9,3,0,71t,4,35,132.2,31,home,2008
Jake DelhommeJ. Delhomme,20,14,250,12.5,1,0,54,1,6,129.2,33,away,2008
Drew BreesD. Brees,49,30,386,7.9,4,1,26t,2,19,104.6,31,home,2008
Jay CutlerJ. Cutler,49,33,316,6.4,1,2,25t,0,0,74.9,21,away,2008
Philip RiversP. Rivers,20,15,207,10.3,2,0,37,2,5,141.0,52,home,2008
Jason CampbellJ. Campbell,30,18,156,5.2,1,0,17,1,13,84.9,24,away,2008
Shaun HillS. Hill,30,21,245,8.2,1,1,29,1,7,91.7,27,home,2008
Seneca WallaceS. Wallace,43,24,250,5.8,2,2,30t,1,7,68.9,21,away,2008
Kurt WarnerK. Warner,30,19,263,8.8,4,1,50,1,0,117.1,34,home,2008
Matt LeinartM. Leinart,8,5,83,10.4,0,0,35,0,0,97.4,34,home,2008
