qb,att,cmp,yds,ypa,td,int,lg,sack,loss,rate,game_points,home_away,year
Peyton ManningP. Manning,29,16,256,8.8,2,1,64,1,12,93.5,24,away,2004
Tom BradyT. Brady,38,26,335,8.8,3,1,29,2,15,111.2,27,home,2004
Matt HasselbeckM. Hasselbeck,29,19,246,8.5,1,1,38,0,0,89.2,21,away,2004
Aaron BrooksA. Brooks,37,18,223,6.0,1,1,33,2,16,65.5,7,home,2004
Carson PalmerC. Palmer,27,18,248,9.2,2,1,53t,1,10,105.2,24,away,2004
Chad PenningtonC. Pennington,27,20,224,8.3,2,0,46t,1,5,123.1,31,home,2004
Josh McCownJ. McCown,29,18,181,6.2,0,0,37,2,24,79.8,10,away,2004
Marc BulgerM. Bulger,34,23,272,8.0,1,1,36,0,0,89.3,17,home,2004
Steve McNairS. McNair,14,9,73,5.2,1,0,19,2,12,101.2,17,away,2004
A.J. FeeleyA. Feeley,31,21,168,5.4,1,1,19,2,11,78.4,7,home,2004
Jay FiedlerJ. Fiedler,13,5,42,3.2,0,2,20,1,1,8.0,7,home,2004
Rich GannonR. Gannon,37,20,305,8.2,2,2,58t,3,8,77.0,21,away,2004
Tommy MaddoxT. Maddox,22,13,142,6.5,0,0,39,2,12,78.2,24,home,2004
Drew BreesD. Brees,24,17,209,8.7,2,0,36t,1,7,125.2,27,away,2004
David CarrD. Carr,25,19,229,9.2,0,2,38,2,3,70.2,20,home,2004
Byron LeftwichB. Leftwich,36,18,147,4.1,1,2,45,2,5,46.9,13,away,2004
Drew BledsoeD. Bledsoe,26,17,153,5.9,1,0,27,1,6,93.9,10,home,2004
Joey HarringtonJ. Harrington,26,14,187,7.2,1,1,34,2,2,73.7,20,away,2004
Rex GrossmanR. Grossman,35,16,227,6.5,0,2,35,3,13,43.4,16,home,2004
Kyle BollerK. Boller,38,22,191,5.0,0,2,24,3,25,49.3,3,away,2004
Jeff GarciaJ. Garcia,24,15,180,7.5,1,0,51,2,15,99.3,20,home,2004
Brad JohnsonB. Johnson,37,24,169,4.6,0,1,24,4,30,63.9,10,away,2004
Mark BrunellM. Brunell,24,13,125,5.2,0,0,27,0,0,68.9,16,home,2004
Michael VickM. Vick,22,13,163,7.4,1,1,22,4,31,78.4,21,away,2004
Tim RattayT. Rattay,31,18,175,5.6,2,1,17,2,13,82.1,19,home,2004
Ken DorseyK. Dorsey,15,9,111,7.4,0,0,27,1,7,82.9,19,home,2004
Vinny TestaverdeV. Testaverde,50,29,355,7.1,1,0,32t,1,3,86.7,17,away,2004
Mat McBriarM. McBriar,1,0,0,0.0,0,0,0,0,0,39.6,17,away,2004
Daunte CulpepperD. Culpepper,23,17,242,10.5,5,0,63t,2,0,147.1,35,home,2004
Randy MossR. Moss,1,1,37,37.0,0,0,37,0,0,118.8,35,home,2004
Kurt WarnerK. Warner,28,16,203,7.2,0,0,43,4,23,79.9,17,away,2004
Eli ManningE. Manning,9,3,66,7.3,0,0,34,1,3,60.4,17,away,2004
Donovan McNabbD. McNabb,36,26,330,9.2,4,0,53,2,17,137.5,31,home,2004
Trent GreenT. Green,32,16,174,5.4,0,1,57,1,23,53.4,24,away,2004
Jake PlummerJ. Plummer,29,18,230,7.9,2,2,58,1,9,81.1,34,home,2004
Brett FavreB. Favre,22,15,143,6.5,1,0,24,2,16,101.1,24,away,2004
Jake DelhommeJ. Delhomme,39,23,284,7.3,2,1,34,2,22,88.0,14,home,2004
Steve SmithS. Smith,1,0,0,0.0,0,0,0,0,0,39.6,14,home,2004
Ken DorseyK. Dorsey,32,18,205,6.4,0,1,37,2,15,62.6,27,away,2004
Aaron BrooksA. Brooks,34,25,279,8.2,3,0,45,3,23,127.0,30,home,2004
Mark BrunellM. Brunell,18,10,92,5.1,1,1,16,1,6,65.0,14,away,2004
Patrick RamseyP. Ramsey,18,9,142,7.9,1,3,51,3,14,55.6,14,away,2004
Kurt WarnerK. Warner,33,22,232,7.0,1,0,38t,2,17,97.0,20,home,2004
Jake PlummerJ. Plummer,39,23,250,6.4,0,0,39,0,0,77.9,6,away,2004
Byron LeftwichB. Leftwich,16,8,120,7.5,1,0,31,1,4,95.8,7,home,2004
LaBrandon ToefieldL. Toefield,0,0,0,0.0,0,0,0,1,7,0.0,7,home,2004
Ben RoethlisbergerB. Roethlisberger,20,12,176,8.8,2,2,58,2,16,82.5,13,away,2004
Tommy MaddoxT. Maddox,13,4,67,5.2,0,0,34,2,10,49.2,13,away,2004
Kyle BollerK. Boller,18,10,98,5.4,0,0,23,2,11,71.1,30,home,2004
Marc BulgerM. Bulger,31,24,285,9.2,1,1,33t,5,35,102.2,17,away,2004
Michael VickM. Vick,19,14,179,9.4,1,0,62,1,5,120.3,34,home,2004
David CarrD. Carr,34,23,313,9.2,2,1,54t,5,39,104.2,16,away,2004
Joey HarringtonJ. Harrington,25,18,176,7.0,3,1,31t,2,4,114.3,28,home,2004
Rex GrossmanR. Grossman,18,10,132,7.3,1,1,31,1,7,74.3,21,away,2004
Brett FavreB. Favre,42,24,252,6.0,1,2,44,0,0,62.8,10,home,2004
Peyton ManningP. Manning,33,24,254,7.7,2,0,44,1,10,115.0,31,away,2004
Steve McNairS. McNair,39,25,273,7.0,0,1,33,3,41,74.0,17,home,2004
Craig HentrichC. Hentrich,1,1,4,4.0,0,0,4,0,0,83.3,17,home,2004
Jake DelhommeJ. Delhomme,29,16,180,6.2,3,2,23,1,5,79.7,28,away,2004
Trent GreenT. Green,34,17,187,5.5,0,1,31,3,15,54.4,17,home,2004
Matt HasselbeckM. Hasselbeck,26,12,147,5.7,1,1,27t,5,23,60.9,10,away,2004
Chris SimmsC. Simms,32,21,175,5.5,0,1,35,4,20,66.5,6,home,2004
Brad JohnsonB. Johnson,7,4,34,4.9,0,1,20,1,10,30.4,6,home,2004
Jeff GarciaJ. Garcia,27,8,71,2.6,0,3,16,1,5,0.0,12,away,2004
Luke McCownL. McCown,1,0,0,0.0,0,0,0,0,0,39.6,12,away,2004
Vinny TestaverdeV. Testaverde,35,23,322,9.2,1,3,37,1,7,69.0,19,home,2004
Drew BledsoeD. Bledsoe,24,13,198,8.2,1,1,65,7,46,78.1,10,away,2004
Brian MoormanB. Moorman,1,1,24,24.0,0,0,24,0,0,118.8,10,away,2004
Rich GannonR. Gannon,27,19,209,7.7,1,0,43t,2,9,105.3,13,home,2004
Tom BradyT. Brady,26,15,219,8.4,2,2,27,2,12,78.8,23,away,2004
Josh McCownJ. McCown,29,13,160,5.5,0,2,42,5,43,33.7,12,home,2004
Chad PenningtonC. Pennington,29,22,258,8.9,2,0,48,0,0,125.4,34,away,2004
Drew BreesD. Brees,19,8,146,7.7,1,2,59,1,7,47.1,28,home,2004
Doug FlutieD. Flutie,16,7,77,4.8,0,0,18,0,0,58.6,28,home,2004
A.J. FeeleyA. Feeley,39,21,218,5.6,1,2,37,2,17,57.4,13,away,2004
Carson PalmerC. Palmer,38,21,147,3.9,0,1,20,5,31,53.3,16,home,2004
Daunte CulpepperD. Culpepper,47,37,343,7.3,1,1,22,4,11,95.3,16,away,2004
Donovan McNabbD. McNabb,28,19,245,8.8,2,0,45t,2,19,118.9,27,home,2004
Aaron BrooksA. Brooks,41,24,316,7.7,1,0,38,1,0,91.1,28,away,2004
Marc BulgerM. Bulger,49,32,358,7.3,1,0,32t,5,33,93.8,25,home,2004
Ben RoethlisbergerB. Roethlisberger,22,12,163,7.4,1,1,42,1,2,74.6,13,away,2004
A.J. FeeleyA. Feeley,27,13,137,5.1,0,2,36,3,20,32.5,3,home,2004
Rex GrossmanR. Grossman,31,21,248,8.0,0,0,40,1,2,91.9,22,away,2004
Jonathan QuinnJ. Quinn,3,0,0,0.0,0,0,0,1,7,39.6,22,away,2004
Daunte CulpepperD. Culpepper,30,19,360,12.0,2,0,63,4,10,127.1,27,home,2004
Gus FrerotteG. Frerotte,1,0,0,0.0,0,0,0,0,0,39.6,27,home,2004
Jeff GarciaJ. Garcia,31,21,180,5.8,1,1,29,4,19,80.0,10,away,2004
Kurt WarnerK. Warner,27,19,286,10.6,0,0,47,2,12,104.9,27,home,2004
Josh McCownJ. McCown,26,20,198,7.6,0,0,33,5,53,97.9,3,away,2004
Shaun KingS. King,6,5,40,6.7,0,0,16,1,6,94.4,3,away,2004
Michael VickM. Vick,20,10,115,5.8,0,1,22,6,26,46.9,6,home,2004
Kyle BollerK. Boller,18,11,126,7.0,1,0,46,2,0,100.7,23,away,2004
Carson PalmerC. Palmer,52,25,316,6.1,0,3,23,4,27,43.4,9,home,2004
Donovan McNabbD. McNabb,42,29,356,8.5,2,0,55,2,13,110.8,30,away,2004
Joey HarringtonJ. Harrington,38,21,199,5.2,2,0,29t,5,20,87.5,13,home,2004
Roy WilliamsR. Williams,1,0,0,0.0,0,0,0,0,0,39.6,13,home,2004
Byron LeftwichB. Leftwich,20,14,124,6.2,1,0,25,2,7,102.9,15,away,2004
Steve McNairS. McNair,26,16,143,5.5,0,1,27,3,13,60.3,12,home,2004
Billy VolekB. Volek,1,0,0,0.0,0,0,0,0,0,39.6,12,home,2004
David CarrD. Carr,25,13,233,9.3,1,1,46,3,13,80.9,24,away,2004
Trent GreenT. Green,30,21,226,7.5,3,1,25,3,28,111.2,21,home,2004
Drew BreesD. Brees,29,14,121,4.2,0,0,17,4,30,59.7,13,away,2004
LaDainian TomlinsonL. Tomlinson,1,1,38,38.0,0,0,38,0,0,118.8,13,away,2004
Jake PlummerJ. Plummer,36,25,294,8.2,2,0,33t,1,3,112.5,23,home,2004
Brett FavreB. Favre,44,30,360,8.2,4,0,79t,1,9,123.3,31,away,2004
Doug PedersonD. Pederson,6,4,34,5.7,0,1,11,0,0,41.7,31,away,2004
Peyton ManningP. Manning,40,28,393,9.8,5,0,36t,0,0,140.9,45,home,2004
Ken DorseyK. Dorsey,32,19,153,4.8,0,2,22,3,26,45.4,0,away,2004
Matt HasselbeckM. Hasselbeck,30,21,254,8.5,2,0,60,1,6,117.9,34,home,2004
Trent DilferT. Dilfer,2,1,9,4.5,0,0,9,0,0,62.5,34,home,2004
Brad JohnsonB. Johnson,36,22,309,8.6,2,1,54,2,12,95.7,20,away,2004
Kerry CollinsK. Collins,27,16,228,8.4,1,1,30,1,12,83.6,30,home,2004
Rich GannonR. Gannon,4,2,10,2.5,0,0,9,0,0,56.2,30,home,2004
Vinny TestaverdeV. Testaverde,29,14,214,7.4,1,0,48,1,3,84.6,21,away,2004
Richie AndersonR. Anderson,1,1,26,26.0,1,0,26t,0,0,158.3,21,away,2004
Mark BrunellM. Brunell,43,25,325,7.6,2,0,49,5,35,97.5,18,home,2004
Carson PalmerC. Palmer,37,20,164,4.4,1,2,24,1,8,52.1,17,away,2004
Ben RoethlisbergerB. Roethlisberger,25,17,174,7.0,1,0,30,1,6,101.1,28,home,2004
Peyton ManningP. Manning,29,20,220,7.6,2,1,21,0,0,99.8,24,away,2004
Byron LeftwichB. Leftwich,41,29,318,7.8,1,0,40t,1,7,101.5,17,home,2004
Kerry CollinsK. Collins,38,21,237,6.2,0,3,33,1,13,41.2,17,away,2004
David CarrD. Carr,23,14,228,9.9,1,0,33,0,0,108.6,30,home,2004
Jabar GaffneyJ. Gaffney,1,0,0,0.0,0,0,0,0,0,39.6,30,home,2004
Tom BradyT. Brady,30,17,298,9.9,2,0,44,0,0,112.9,31,away,2004
Drew BledsoeD. Bledsoe,30,18,247,8.2,1,1,55,6,33,83.6,17,home,2004
Donovan McNabbD. McNabb,38,24,237,6.2,1,1,44,2,15,78.5,19,away,2004
Brian WestbrookB. Westbrook,0,0,0,0.0,0,0,0,1,4,0.0,19,away,2004
Jonathan QuinnJ. Quinn,43,26,215,5.0,1,0,32,4,23,81.1,9,home,2004
Mark BrunellM. Brunell,32,17,192,6.0,0,0,45,0,0,71.4,13,away,2004
Jeff GarciaJ. Garcia,21,14,195,9.3,1,0,37,3,11,112.2,17,home,2004
Kurt WarnerK. Warner,26,20,187,7.2,1,1,26,4,29,92.9,14,away,2004
Brett FavreB. Favre,18,12,110,6.1,1,1,28t,0,0,78.5,7,home,2004
Doug PedersonD. Pederson,17,7,86,5.1,0,1,24,0,0,33.0,7,home,2004
Craig NallC. Nall,1,1,24,24.0,0,0,24,0,0,118.8,7,home,2004
Michael VickM. Vick,18,10,148,8.2,0,0,29,0,0,82.6,27,away,2004
Jake DelhommeJ. Delhomme,38,23,308,8.1,0,2,42,2,15,64.4,10,home,2004
Aaron BrooksA. Brooks,40,24,242,6.0,0,0,26,1,4,77.3,10,away,2004
Josh McCownJ. McCown,18,12,157,8.7,0,0,29,2,16,94.0,34,home,2004
Emmitt SmithE. Smith,1,1,21,21.0,1,0,21t,0,0,158.3,34,home,2004
Chad PenningtonC. Pennington,24,14,143,6.0,0,1,31,3,18,58.2,17,away,2004
Jay FiedlerJ. Fiedler,33,18,206,6.2,0,2,37,4,10,48.3,9,home,2004
Billy VolekB. Volek,58,39,279,4.8,2,0,35,3,21,89.7,17,away,2004
Drew BreesD. Brees,20,16,206,10.3,3,0,58t,1,8,149.2,38,home,2004
Jake PlummerJ. Plummer,30,13,138,4.6,1,0,28,0,0,68.5,16,away,2004
Brad JohnsonB. Johnson,23,15,162,7.0,1,0,51t,1,3,100.3,13,home,2004
Chris SimmsC. Simms,1,0,0,0.0,0,0,0,0,0,39.6,13,home,2004
Marc BulgerM. Bulger,25,17,186,7.4,1,0,29,0,0,103.1,24,away,2004
Tim RattayT. Rattay,47,31,299,6.4,2,1,21,3,25,88.9,14,home,2004
Trent GreenT. Green,31,21,223,7.2,1,0,20,1,3,99.3,27,away,2004
Kyle BollerK. Boller,17,10,154,9.1,1,0,57t,4,27,108.5,24,home,2004
Joey HarringtonJ. Harrington,24,16,146,6.1,1,0,39t,3,20,96.9,17,away,2004
Michael VickM. Vick,29,18,196,6.8,0,1,49,6,35,67.6,10,home,2004
Chris MohrC. Mohr,2,2,24,12.0,0,0,26,0,0,116.7,10,home,2004
Jay FiedlerJ. Fiedler,41,20,251,6.1,1,1,45,3,29,66.2,10,away,2004
A.J. FeeleyA. Feeley,2,1,6,3.0,0,0,6,0,0,56.2,10,away,2004
Tom BradyT. Brady,19,7,76,4.0,2,1,28,1,7,62.6,24,home,2004
Brian GrieseB. Griese,19,16,194,10.2,1,0,45t,3,16,126.8,20,away,2004
Chris SimmsC. Simms,8,5,68,8.5,0,0,22,1,8,89.6,20,away,2004
Aaron BrooksA. Brooks,23,11,106,4.6,2,1,27,0,0,72.0,17,home,2004
Jeff GarciaJ. Garcia,34,16,210,6.2,1,0,50,2,3,76.8,23,away,2004
Ben RoethlisbergerB. Roethlisberger,21,16,231,11.0,1,1,48,0,0,107.4,34,home,2004
Daunte CulpepperD. Culpepper,50,36,396,7.9,5,0,50t,3,8,128.4,34,away,2004
David CarrD. Carr,42,27,372,8.9,3,0,36,4,14,116.4,28,home,2004
Kurt WarnerK. Warner,33,18,217,6.6,1,0,55,3,6,85.0,26,away,2004
Vinny TestaverdeV. Testaverde,24,15,126,5.2,1,1,18,2,14,72.6,10,home,2004
Keyshawn JohnsonK. Johnson,1,0,0,0.0,0,0,0,0,0,39.6,10,home,2004
Kerry CollinsK. Collins,44,28,245,5.6,1,3,24,4,29,57.5,14,away,2004
Peyton ManningP. Manning,26,16,198,7.6,3,1,35t,1,10,107.5,35,home,2004
Byron LeftwichB. Leftwich,54,36,357,6.6,1,2,38,3,8,75.9,21,away,2004
Drew BreesD. Brees,26,17,211,8.1,2,0,54,0,0,116.0,34,home,2004
LaDainian TomlinsonL. Tomlinson,0,0,0,0.0,0,0,0,1,1,0.0,34,home,2004
Drew BledsoeD. Bledsoe,29,16,197,6.8,2,1,46t,4,25,85.0,14,away,2004
Chad PenningtonC. Pennington,42,31,304,7.2,1,1,41,2,6,91.8,16,home,2004
Josh McCownJ. McCown,34,19,231,6.8,3,1,35,2,14,94.1,28,away,2004
Tim RattayT. Rattay,57,38,417,7.3,2,0,23t,5,26,99.8,31,home,2004
Marc BulgerM. Bulger,42,24,325,7.7,3,3,52t,2,8,76.0,33,away,2004
Matt HasselbeckM. Hasselbeck,35,20,216,6.2,2,0,56t,1,12,94.5,27,home,2004
Jake DelhommeJ. Delhomme,20,13,173,8.7,1,0,45,1,10,109.0,17,away,2004
Jake PlummerJ. Plummer,29,17,226,7.8,2,2,39t,1,2,77.7,20,home,2004
Kyle BollerK. Boller,18,9,81,4.5,0,3,21,2,5,22.9,17,away,2004
Mark BrunellM. Brunell,29,13,83,2.9,1,1,14,3,28,49.1,10,home,2004
Steve McNairS. McNair,26,15,206,7.9,2,0,30,0,0,108.8,48,away,2004
Drew BennettD. Bennett,1,1,26,26.0,1,0,26t,0,0,158.3,48,away,2004
Brett FavreB. Favre,44,24,338,7.7,2,3,57,0,0,66.3,27,home,2004
Craig NallC. Nall,8,7,64,8.0,1,0,18,0,0,139.6,27,home,2004
Tim RattayT. Rattay,28,18,286,10.2,1,1,65,3,14,95.2,14,away,2004
Chad PenningtonC. Pennington,30,20,222,7.4,0,0,27,0,0,88.5,22,home,2004
Jake DelhommeJ. Delhomme,42,24,205,4.9,1,4,30,2,19,38.4,8,away,2004
Donovan McNabbD. McNabb,26,14,209,8.0,0,1,53,1,7,64.4,30,home,2004
Trent GreenT. Green,33,23,315,9.5,2,1,52,6,42,107.5,16,away,2004
Byron LeftwichB. Leftwich,36,24,298,8.3,2,0,64t,4,21,110.6,22,home,2004
Drew BreesD. Brees,31,23,227,7.3,1,1,23,1,4,91.7,20,away,2004
Michael VickM. Vick,21,12,218,10.4,2,1,50,3,12,104.9,21,home,2004
Jay FiedlerJ. Fiedler,23,12,136,5.9,1,1,24t,5,35,66.6,13,away,2004
Drew BledsoeD. Bledsoe,28,15,212,7.6,1,0,30,1,8,90.2,20,home,2004
Mark BrunellM. Brunell,22,8,95,4.3,1,1,21,1,2,46.6,13,away,2004
Jonathan QuinnJ. Quinn,22,10,65,3.0,0,1,16,4,31,33.5,10,home,2004
Carson PalmerC. Palmer,36,20,148,4.1,1,1,21,3,17,63.2,17,away,2004
Jeff GarciaJ. Garcia,23,16,310,13.5,4,2,99t,1,0,115.5,34,home,2004
Matt HasselbeckM. Hasselbeck,50,27,349,7.0,0,2,37,3,8,59.5,20,away,2004
Tom BradyT. Brady,30,19,231,7.7,1,1,48,1,7,84.2,30,home,2004
Brett FavreB. Favre,38,25,257,6.8,2,0,50,0,0,102.6,38,away,2004
Ahman GreenA. Green,1,1,20,20.0,1,0,20t,0,0,158.3,38,away,2004
Joey HarringtonJ. Harrington,23,12,101,4.4,1,1,28t,1,9,60.2,10,home,2004
David CarrD. Carr,26,16,266,10.2,1,1,47,2,19,92.8,20,away,2004
Steve McNairS. McNair,41,19,210,5.1,1,4,22,1,6,30.6,10,home,2004
Jake PlummerJ. Plummer,20,11,190,9.5,3,1,31t,0,0,106.2,31,away,2004
Kerry CollinsK. Collins,31,15,136,4.4,0,1,25,4,22,47.2,3,home,2004
Ben RoethlisbergerB. Roethlisberger,25,21,193,7.7,2,0,32,3,21,125.5,24,away,2004
Vinny TestaverdeV. Testaverde,36,23,284,7.9,1,0,48,5,36,97.5,20,home,2004
Daunte CulpepperD. Culpepper,37,26,425,11.5,5,2,46,2,8,125.6,38,away,2004
Mewelde MooreM. Moore,1,0,0,0.0,0,0,0,0,0,39.6,38,away,2004
Aaron BrooksA. Brooks,38,22,249,6.6,1,1,36,3,23,75.4,31,home,2004
Brian GrieseB. Griese,40,27,286,7.2,2,1,44,2,9,94.4,21,away,2004
Marc BulgerM. Bulger,30,18,264,8.8,2,1,52t,4,34,97.1,28,home,2004
Marc BulgerM. Bulger,39,23,295,7.6,1,1,36,3,26,80.6,14,away,2004
Isaac BruceI. Bruce,1,0,0,0.0,0,0,0,0,0,39.6,14,away,2004
Jay FiedlerJ. Fiedler,17,13,203,11.9,2,0,71t,5,36,154.8,31,home,2004
Marty BookerM. Booker,1,1,48,48.0,0,0,48,0,0,118.8,31,home,2004
Sammy MorrisS. Morris,0,0,0,0.0,0,0,0,1,9,0.0,31,home,2004
Billy VolekB. Volek,36,17,190,5.3,0,3,21,2,10,28.7,3,away,2004
Steve McNairS. McNair,5,2,2,0.4,0,0,5,0,0,47.9,3,away,2004
Craig HentrichC. Hentrich,1,1,6,6.0,0,0,6,0,0,91.7,3,away,2004
Daunte CulpepperD. Culpepper,30,24,183,6.1,1,0,20,3,22,103.2,20,home,2004
Joey HarringtonJ. Harrington,22,18,230,10.5,2,0,37,3,20,140.5,28,away,2004
Kurt WarnerK. Warner,34,23,270,7.9,1,1,62t,6,20,89.1,13,home,2004
Craig KrenzelC. Krenzel,19,9,69,3.6,0,1,14,2,12,34.8,7,away,2004
Jonathan QuinnJ. Quinn,9,5,47,5.2,0,0,21,2,13,70.1,7,away,2004
Brian GrieseB. Griese,23,15,163,7.1,1,0,46,1,8,100.5,19,home,2004
Drew BreesD. Brees,32,21,196,6.1,0,0,23,1,8,82.3,17,away,2004
Jake DelhommeJ. Delhomme,36,17,155,4.3,0,1,16,1,8,47.8,6,home,2004
Drew BledsoeD. Bledsoe,37,20,203,5.5,0,4,49,4,18,30.4,6,away,2004
Kyle BollerK. Boller,19,10,86,4.5,0,0,47,4,26,64.8,20,home,2004
Donovan McNabbD. McNabb,43,28,376,8.7,4,1,65,2,9,114.1,34,away,2004
Jeff GarciaJ. Garcia,32,21,236,7.4,1,1,42,3,7,84.9,31,home,2004
Byron LeftwichB. Leftwich,30,23,300,10.0,2,1,65,3,14,116.0,27,away,2004
Peyton ManningP. Manning,39,27,368,9.4,3,0,39t,1,9,124.7,24,home,2004
Jeff SaturdayJ. Saturday,1,0,0,0.0,0,0,0,0,0,39.6,24,home,2004
Michael VickM. Vick,21,7,119,5.7,0,2,56,4,25,13.9,10,away,2004
Matt SchaubM. Schaub,4,2,9,2.2,0,0,7,0,0,56.2,10,away,2004
Trent GreenT. Green,27,20,269,10.0,0,0,33,0,0,105.3,56,home,2004
Todd CollinsT. Collins,1,0,0,0.0,0,0,0,0,0,39.6,56,home,2004
Chad PenningtonC. Pennington,30,19,162,5.4,0,0,20,0,0,77.4,7,away,2004
Tom BradyT. Brady,29,20,230,7.9,1,0,42,3,20,104.1,13,home,2004
Matt HasselbeckM. Hasselbeck,41,14,187,4.6,1,4,30,1,7,18.1,17,away,2004
Josh McCownJ. McCown,36,22,212,5.9,1,1,39,2,16,75.2,25,home,2004
Larry FitzgeraldL. Fitzgerald,0,0,0,0.0,0,0,0,1,7,0.0,25,home,2004
Vinny TestaverdeV. Testaverde,35,23,308,8.8,1,0,53,2,12,103.0,20,away,2004
Terry GlennT. Glenn,1,0,0,0.0,0,0,0,0,0,39.6,20,away,2004
Brett FavreB. Favre,29,23,258,8.9,2,0,44,1,6,126.7,41,home,2004
Tony FisherT. Fisher,1,1,8,8.0,1,0,8t,0,0,139.6,41,home,2004
Aaron BrooksA. Brooks,39,23,282,7.2,1,0,30,1,2,89.9,31,away,2004
Kerry CollinsK. Collins,45,26,350,7.8,2,1,34t,0,0,88.2,26,home,2004
Jake PlummerJ. Plummer,40,23,221,5.5,1,2,35,3,26,60.5,10,away,2004
Carson PalmerC. Palmer,21,12,198,9.4,1,1,50t,1,10,85.0,23,home,2004
Kurt WarnerK. Warner,21,13,144,6.9,0,0,26,5,29,82.2,34,away,2004
Daunte CulpepperD. Culpepper,41,24,231,5.6,1,2,42,0,0,62.1,13,home,2004
Kyle BollerK. Boller,38,24,223,5.9,1,1,52,2,9,77.0,10,away,2004
Donovan McNabbD. McNabb,33,18,219,6.6,1,0,24,2,19,85.3,15,home,2004
Mike BartrumM. Bartrum,1,0,0,0.0,0,0,0,0,0,39.6,15,home,2004
Brett FavreB. Favre,32,20,289,9.0,1,3,48,1,16,63.2,28,away,2004
Mark BrunellM. Brunell,44,25,218,5.0,2,2,23,4,27,66.3,14,home,2004
Rod GardnerR. Gardner,1,0,0,0.0,0,0,0,0,0,39.6,14,home,2004
Byron LeftwichB. Leftwich,40,25,227,5.7,0,2,28,1,7,57.0,6,away,2004
David GarrardD. Garrard,2,2,28,14.0,0,0,20,0,0,118.8,6,away,2004
David CarrD. Carr,34,26,276,8.1,1,0,27,0,0,109.4,20,home,2004
Tony BanksT. Banks,1,0,0,0.0,0,0,0,0,0,39.6,20,home,2004
Josh McCownJ. McCown,24,9,101,4.2,1,0,28t,3,16,64.8,14,away,2004
Drew BledsoeD. Bledsoe,17,8,81,4.8,2,0,23,0,0,100.4,38,home,2004
Joey HarringtonJ. Harrington,32,19,255,8.0,2,1,50t,1,10,92.6,21,away,2004
Vinny TestaverdeV. Testaverde,24,19,235,9.8,3,3,38t,1,5,107.5,31,home,2004
Carson PalmerC. Palmer,36,20,247,6.9,0,1,62,4,30,65.4,20,away,2004
Billy VolekB. Volek,32,21,210,6.6,2,1,37,2,15,91.9,27,home,2004
Peyton ManningP. Manning,44,25,472,10.7,5,1,56,0,0,122.5,35,away,2004
Trent GreenT. Green,34,27,389,11.4,3,0,52,1,2,143.8,45,home,2004
Michael VickM. Vick,24,18,252,10.5,2,0,46,1,5,136.1,41,away,2004
Peerless PriceP. Price,1,1,25,25.0,0,0,25,0,0,118.8,41,away,2004
Jake PlummerJ. Plummer,55,31,499,9.1,4,3,80t,0,0,88.4,28,home,2004
Jake DelhommeJ. Delhomme,36,19,248,6.9,2,1,63,0,0,81.7,17,away,2004
Matt HasselbeckM. Hasselbeck,30,21,201,6.7,1,1,22,1,5,85.6,23,home,2004
Tom BradyT. Brady,43,25,271,6.3,2,2,23t,4,28,72.9,20,away,2004
Ben RoethlisbergerB. Roethlisberger,24,18,196,8.2,2,0,47t,0,0,126.4,34,home,2004
Kerry CollinsK. Collins,39,24,263,6.7,1,2,28,1,4,68.6,14,away,2004
Drew BreesD. Brees,25,22,281,11.2,5,0,29,1,8,153.1,42,home,2004
Ken DorseyK. Dorsey,36,16,122,3.4,0,1,20,3,22,41.7,13,away,2004
Craig KrenzelC. Krenzel,25,13,168,6.7,1,1,49t,5,34,70.1,23,home,2004
Jay FiedlerJ. Fiedler,41,20,218,5.3,2,2,29t,4,37,60.8,14,away,2004
Chad PenningtonC. Pennington,19,11,189,9.9,3,0,47,1,0,131.4,41,home,2004
Quincy CarterQ. Carter,1,1,8,8.0,0,0,8,0,0,100.0,41,home,2004
Josh McCownJ. McCown,31,18,162,5.2,1,0,48,1,13,83.0,24,away,2004
Jay FiedlerJ. Fiedler,21,12,129,6.1,1,0,30,2,17,91.2,23,home,2004
A.J. FeeleyA. Feeley,15,6,129,8.6,0,1,38,1,6,43.5,23,home,2004
Donovan McNabbD. McNabb,24,15,109,4.5,0,1,21,4,19,55.7,3,away,2004
Ben RoethlisbergerB. Roethlisberger,18,11,183,10.2,2,1,47,2,15,109.3,27,home,2004
Trent GreenT. Green,42,32,369,8.8,3,2,59,2,15,106.2,31,away,2004
Brian GrieseB. Griese,34,22,296,8.7,2,0,56,1,8,111.9,34,home,2004
Kerry CollinsK. Collins,32,20,231,7.2,0,1,33,2,3,71.2,27,away,2004
Jake DelhommeJ. Delhomme,45,25,299,6.6,3,0,34,2,32,98.3,24,home,2004
Chad PenningtonC. Pennington,15,7,141,9.4,1,1,33,1,13,74.6,17,away,2004
Quincy CarterQ. Carter,3,2,66,22.0,1,0,51t,0,0,149.3,17,away,2004
Drew BledsoeD. Bledsoe,30,18,184,6.1,1,0,27,0,0,88.8,22,home,2004
Vinny TestaverdeV. Testaverde,30,18,207,6.9,0,3,33,1,5,41.2,3,away,2004
Carson PalmerC. Palmer,32,21,212,6.6,1,0,76t,0,0,94.8,26,home,2004
Mark BrunellM. Brunell,17,6,58,3.4,0,0,13,0,0,45.7,17,away,2004
Clinton PortisC. Portis,1,1,15,15.0,1,0,15t,0,0,158.3,17,away,2004
Joey HarringtonJ. Harrington,52,26,269,5.2,1,1,37,2,11,63.7,10,home,2004
Aaron BrooksA. Brooks,29,16,173,6.0,1,1,28,3,8,70.0,17,away,2004
Drew BreesD. Brees,36,22,257,7.1,4,0,31,1,7,119.8,43,home,2004
Keenan McCardellK. McCardell,1,0,0,0.0,0,0,0,0,0,39.6,43,home,2004
Matt HasselbeckM. Hasselbeck,28,17,285,10.2,3,0,39t,3,16,130.8,42,away,2004
Tim RattayT. Rattay,35,23,259,7.4,2,1,39t,3,16,94.8,27,home,2004
Craig KrenzelC. Krenzel,21,8,144,6.9,1,0,35t,5,35,78.3,28,away,2004
Kurt WarnerK. Warner,36,18,195,5.4,1,2,28,7,28,52.4,21,home,2004
David CarrD. Carr,41,22,245,6.0,0,0,44,4,17,71.7,13,away,2004
Jake PlummerJ. Plummer,24,16,234,9.8,4,0,40t,1,9,137.8,31,home,2004
Tom BradyT. Brady,31,18,234,7.5,2,0,50,2,9,103.4,40,away,2004
Adam VinatieriA. Vinatieri,1,1,4,4.0,1,0,4t,0,0,122.9,40,away,2004
Marc BulgerM. Bulger,33,23,285,8.6,2,1,48,5,26,103.7,22,home,2004
Jeff GarciaJ. Garcia,26,15,146,5.6,0,1,15,3,20,57.5,13,away,2004
Kyle BollerK. Boller,30,17,142,4.7,0,0,19,1,8,69.0,27,home,2004
Daunte CulpepperD. Culpepper,19,16,169,8.9,1,0,30,2,15,121.3,28,away,2004
Peyton ManningP. Manning,29,23,268,9.2,4,0,41,1,4,144.8,31,home,2004
Trent GreenT. Green,33,22,311,9.4,1,2,29,2,14,81.8,20,away,2004
Aaron BrooksA. Brooks,27,15,259,9.6,1,1,57,4,19,85.3,27,home,2004
Kyle BollerK. Boller,33,19,213,6.5,2,0,25,3,27,97.2,20,away,2004
Quincy CarterQ. Carter,22,13,175,8.0,0,0,47,5,26,84.5,17,home,2004
LaMont JordanL. Jordan,1,0,0,0.0,0,1,0,0,0,0.0,17,home,2004
Joey HarringtonJ. Harrington,33,11,121,3.7,0,1,46,2,12,32.5,17,away,2004
David GarrardD. Garrard,36,19,198,5.5,2,0,36t,3,22,87.5,23,home,2004
Brian GrieseB. Griese,26,19,174,6.7,2,1,25t,7,49,100.5,14,away,2004
Michael VickM. Vick,16,8,147,9.2,1,1,49t,5,27,76.8,24,home,2004
Ben RoethlisbergerB. Roethlisberger,16,10,134,8.4,0,1,22,2,14,63.0,24,away,2004
Jeff GarciaJ. Garcia,16,7,110,6.9,0,1,58,4,14,41.1,10,home,2004
Kelly HolcombK. Holcomb,9,5,64,7.1,1,1,24,0,0,75.5,10,home,2004
Matt HasselbeckM. Hasselbeck,36,15,172,4.8,0,1,33,0,0,45.1,12,away,2004
Marc BulgerM. Bulger,34,23,262,7.7,1,0,21,1,2,100.4,23,home,2004
Craig KrenzelC. Krenzel,28,10,116,4.1,0,2,32,5,41,19.3,19,away,2004
Billy VolekB. Volek,44,27,334,7.6,2,1,47t,3,16,90.5,17,home,2004
David CarrD. Carr,41,22,215,5.2,0,3,25,5,45,38.2,14,away,2004
Peyton ManningP. Manning,27,18,320,11.9,5,2,80t,1,8,115.7,49,home,2004
Carson PalmerC. Palmer,39,24,217,5.6,1,2,34,0,0,63.7,17,away,2004
Patrick RamseyP. Ramsey,37,18,210,5.7,1,2,27,4,28,52.8,10,home,2004
Mark BrunellM. Brunell,8,1,6,0.8,0,1,6,1,7,0.0,10,home,2004
Rod GardnerR. Gardner,1,0,0,0.0,0,0,0,0,0,39.6,10,home,2004
Daunte CulpepperD. Culpepper,44,27,363,8.2,4,0,40,4,18,117.9,31,away,2004
Brett FavreB. Favre,29,20,236,8.1,4,0,50t,0,0,133.0,34,home,2004
Kurt WarnerK. Warner,30,19,193,6.4,1,0,21,6,32,92.8,14,away,2004
Jeff FeaglesJ. Feagles,1,0,0,0.0,0,0,0,0,0,39.6,14,away,2004
Josh McCownJ. McCown,24,12,90,3.8,0,0,16,2,16,59.4,17,home,2004
Jake DelhommeJ. Delhomme,34,19,303,8.9,3,0,40t,1,2,115.2,37,away,2004
Tim RattayT. Rattay,37,22,284,7.7,1,4,39,4,37,53.0,27,home,2004
Drew BledsoeD. Bledsoe,19,8,76,4.0,0,3,17,2,6,14.3,6,away,2004
J.P. LosmanJ. Losman,2,1,5,2.5,0,1,5,1,0,16.7,6,away,2004
Tom BradyT. Brady,35,19,233,6.7,2,1,47,2,13,82.2,29,home,2004
Donovan McNabbD. McNabb,27,15,345,12.8,4,0,60,1,9,140.0,49,away,2004
Vinny TestaverdeV. Testaverde,30,21,254,8.5,2,1,29t,1,8,104.0,21,home,2004
Joey HarringtonJ. Harrington,19,12,91,4.8,1,1,21,3,24,70.3,19,away,2004
Daunte CulpepperD. Culpepper,32,22,233,7.3,2,1,61,3,21,97.5,22,home,2004
Jake PlummerJ. Plummer,29,19,224,7.7,2,0,37t,0,0,111.9,34,away,2004
Aaron BrooksA. Brooks,60,34,377,6.3,1,3,30t,2,15,60.2,13,home,2004
Tim RattayT. Rattay,31,15,147,4.7,0,1,32,5,22,48.7,3,away,2004
Brian GrieseB. Griese,21,15,210,10.0,2,2,42t,1,7,95.4,35,home,2004
Chris SimmsC. Simms,0,0,0,0.0,0,0,0,1,10,0.0,35,home,2004
Shaun KingS. King,52,28,343,6.6,1,3,40,4,29,56.8,10,away,2004
Jake DelhommeJ. Delhomme,25,12,157,6.3,2,1,39,0,0,78.3,35,home,2004
Rodney PeeteR. Peete,1,1,3,3.0,0,0,3,0,0,79.2,35,home,2004
Ricky ProehlR. Proehl,1,0,0,0.0,0,0,0,0,0,39.6,35,home,2004
Steve McNairS. McNair,30,18,209,7.0,1,2,37t,3,17,64.4,18,away,2004
David GarrardD. Garrard,27,13,129,4.8,0,1,18,2,6,46.7,15,home,2004
Vinny TestaverdeV. Testaverde,22,9,109,5.0,0,2,22,1,7,18.9,10,away,2004
Drew HensonD. Henson,6,6,47,7.8,1,0,16,1,21,138.9,10,away,2004
Kyle BollerK. Boller,34,23,232,6.8,2,0,31t,1,4,106.5,30,home,2004
Randy HymesR. Hymes,1,0,0,0.0,0,0,0,0,0,39.6,30,home,2004
Marc BulgerM. Bulger,45,27,287,6.4,2,3,33,6,52,65.7,17,away,2004
Drew BledsoeD. Bledsoe,24,15,185,7.7,3,1,54,1,10,108.5,37,home,2004
Peyton ManningP. Manning,28,17,211,7.5,4,1,35t,0,0,108.8,41,away,2004
Craig KrenzelC. Krenzel,24,14,175,7.3,1,2,43,4,30,60.2,10,home,2004
Ben RoethlisbergerB. Roethlisberger,21,15,138,6.6,1,0,26,7,54,104.9,19,away,2004
Carson PalmerC. Palmer,25,13,165,6.6,2,1,36t,3,18,82.9,14,home,2004
Quincy CarterQ. Carter,20,11,116,5.8,1,1,14,6,38,67.9,10,away,2004
Jeff GarciaJ. Garcia,17,10,88,5.2,1,0,27,0,0,92.3,7,home,2004
Kelly HolcombK. Holcomb,10,4,32,3.2,0,0,16,1,3,48.8,7,home,2004
Drew BreesD. Brees,34,18,226,6.6,1,0,28,0,0,83.7,23,away,2004
LaDainian TomlinsonL. Tomlinson,1,0,0,0.0,0,0,0,0,0,39.6,23,away,2004
Kerry CollinsK. Collins,30,18,227,7.6,2,0,25,1,7,105.8,17,home,2004
Ronald CurryR. Curry,1,0,0,0.0,0,0,0,0,0,39.6,17,home,2004
A.J. FeeleyA. Feeley,45,23,229,5.1,1,2,28,3,11,54.8,17,away,2004
Jay FiedlerJ. Fiedler,1,1,1,1.0,0,0,1,1,0,79.2,17,away,2004
Trent DilferT. Dilfer,28,14,196,7.0,1,2,56,3,19,55.1,24,home,2004
Michael VickM. Vick,20,12,115,5.8,2,0,21,2,18,109.4,14,away,2004
Eli ManningE. Manning,37,17,162,4.4,1,2,18,1,4,45.1,10,home,2004
Patrick RamseyP. Ramsey,34,21,162,4.8,0,1,15,1,0,61.2,6,away,2004
Donovan McNabbD. McNabb,26,18,222,8.5,4,1,46,4,14,118.9,28,home,2004
Koy DetmerK. Detmer,1,0,0,0.0,0,0,0,0,0,39.6,28,home,2004
Brett FavreB. Favre,50,33,383,7.7,1,2,50,0,0,79.0,16,away,2004
David CarrD. Carr,26,13,164,6.3,1,0,49,2,20,82.9,13,home,2004
Jabar GaffneyJ. Gaffney,1,0,0,0.0,0,0,0,0,0,39.6,13,home,2004
Tom BradyT. Brady,26,17,315,12.1,1,0,48,1,6,119.9,27,away,2004
Trent GreenT. Green,42,27,381,9.1,2,1,65t,4,28,99.4,19,home,2004
Peyton ManningP. Manning,28,23,236,8.4,6,0,25t,0,0,141.4,41,away,2004
Jim SorgiJ. Sorgi,3,1,7,2.3,0,0,7,0,0,42.4,41,away,2004
Joey HarringtonJ. Harrington,23,14,156,6.8,0,0,37,2,3,81.1,9,home,2004
Mike McMahonM. McMahon,15,11,77,5.1,0,1,19,1,12,56.8,9,home,2004
Jonathan QuinnJ. Quinn,21,10,86,4.1,0,2,23,4,35,19.2,7,away,2004
Craig KrenzelC. Krenzel,10,5,46,4.6,0,0,13,2,6,62.9,7,away,2004
Vinny TestaverdeV. Testaverde,14,9,92,6.6,1,1,17,1,5,77.1,21,home,2004
Drew HensonD. Henson,12,4,31,2.6,0,1,12,1,5,7.6,21,home,2004
Kelly HolcombK. Holcomb,39,30,413,10.6,5,2,55t,3,27,128.5,48,away,2004
Carson PalmerC. Palmer,29,22,251,8.7,4,3,53t,0,0,101.4,58,home,2004
Drew BreesD. Brees,37,28,378,10.2,2,0,65,1,7,125.7,34,away,2004
Trent GreenT. Green,34,21,208,6.1,0,1,27,1,8,66.8,31,home,2004
Byron LeftwichB. Leftwich,34,19,235,6.9,1,0,43,2,10,87.3,16,away,2004
Daunte CulpepperD. Culpepper,27,19,235,8.7,1,1,48,4,17,93.9,27,home,2004
Kyle BollerK. Boller,35,15,93,2.7,0,1,20,4,46,38.4,3,away,2004
Tom BradyT. Brady,30,15,172,5.7,0,0,37,1,2,67.6,24,home,2004
Donovan McNabbD. McNabb,27,18,244,9.0,1,0,50,2,6,107.6,27,away,2004
Eli ManningE. Manning,21,6,148,7.0,0,2,52,5,37,16.9,6,home,2004
Patrick RamseyP. Ramsey,34,19,138,4.1,1,1,20,5,33,63.1,7,away,2004
Rod GardnerR. Gardner,1,0,0,0.0,0,0,0,0,0,39.6,7,away,2004
Ben RoethlisbergerB. Roethlisberger,20,9,131,6.5,0,0,27,4,31,66.9,16,home,2004
Brian GrieseB. Griese,39,27,347,8.9,2,1,68,2,11,103.3,14,away,2004
Jake DelhommeJ. Delhomme,21,14,213,10.1,2,1,43,4,25,111.8,21,home,2004
Steve McNairS. McNair,34,25,227,6.7,3,1,18,1,6,108.3,21,away,2004
David CarrD. Carr,30,21,201,6.7,2,1,20,3,22,96.7,31,home,2004
Aaron BrooksA. Brooks,34,19,189,5.6,1,2,26,4,24,57.1,21,away,2004
Michael VickM. Vick,29,16,212,7.3,2,1,32,2,2,87.1,24,home,2004
A.J. FeeleyA. Feeley,33,17,159,4.8,2,1,25t,1,8,72.7,24,away,2004
Tim RattayT. Rattay,38,23,181,4.8,0,0,22,8,34,72.4,17,home,2004
Drew BledsoeD. Bledsoe,37,25,275,7.4,1,3,24,1,6,64.6,38,away,2004
J.P. LosmanJ. Losman,1,1,17,17.0,0,0,17,0,0,118.8,38,away,2004
Matt HasselbeckM. Hasselbeck,38,19,185,4.9,1,1,23,2,10,61.8,9,home,2004
Quincy CarterQ. Carter,12,8,133,11.1,1,0,69t,1,6,131.6,13,away,2004
Brooks BollingerB. Bollinger,9,5,60,6.7,0,0,26,1,8,76.2,13,away,2004
Shaun KingS. King,26,14,119,4.6,0,1,20,1,7,50.0,3,home,2004
Josh McCownJ. McCown,10,5,62,6.2,0,2,18,0,0,30.0,3,home,2004
Kerry CollinsK. Collins,45,26,339,7.5,4,2,63,1,5,92.7,25,away,2004
Jake PlummerJ. Plummer,23,14,245,10.7,1,1,85t,0,0,93.6,24,home,2004
Marc BulgerM. Bulger,53,35,448,8.5,2,1,56,4,43,97.1,17,away,2004
Brett FavreB. Favre,27,18,215,8.0,3,0,29,0,0,127.9,45,home,2004
Tim RattayT. Rattay,21,10,121,5.8,0,1,52,4,24,45.9,6,away,2004
Chris ChandlerC. Chandler,27,18,216,8.0,1,1,40,2,14,87.9,16,home,2004
Marc BulgerM. Bulger,4,3,22,5.5,0,0,12,1,10,87.5,16,home,2004
Drew BledsoeD. Bledsoe,30,19,277,9.2,4,0,69t,3,20,132.9,42,away,2004
A.J. FeeleyA. Feeley,51,25,303,5.9,3,5,36,1,6,47.7,32,home,2004
Jake DelhommeJ. Delhomme,29,22,294,10.1,1,0,51,4,25,119.0,32,away,2004
Aaron BrooksA. Brooks,40,20,251,6.3,3,2,28,1,1,74.1,21,home,2004
David CarrD. Carr,25,12,157,6.3,0,2,37,2,10,34.9,7,away,2004
Chad PenningtonC. Pennington,27,20,155,5.7,2,1,18,1,5,97.0,29,home,2004
Michael VickM. Vick,27,13,115,4.3,0,2,23,5,23,29.1,0,away,2004
Matt SchaubM. Schaub,2,0,0,0.0,0,1,0,0,0,0.0,0,away,2004
Chris MohrC. Mohr,1,0,0,0.0,0,0,0,0,0,39.6,0,away,2004
Brian GrieseB. Griese,21,13,131,6.2,1,1,36t,3,16,75.7,27,home,2004
Carson PalmerC. Palmer,36,29,382,10.6,3,1,51,3,27,127.1,27,away,2004
Kyle BollerK. Boller,33,19,172,5.2,0,1,24,1,8,59.2,26,home,2004
Daunte CulpepperD. Culpepper,33,23,279,8.5,2,3,40t,5,34,77.7,14,away,2004
Chad HutchinsonC. Hutchinson,30,18,213,7.1,3,0,31,5,39,115.0,24,home,2004
Tom BradyT. Brady,20,11,157,7.8,1,1,44t,2,14,76.5,42,away,2004
Rohan DaveyR. Davey,6,3,44,7.3,0,0,20,0,0,74.3,42,away,2004
Luke McCownL. McCown,34,20,277,8.1,2,2,53,3,36,80.1,15,home,2004
Frisman JacksonF. Jackson,1,0,0,0.0,0,0,0,0,0,39.6,15,home,2004
John NavarreJ. Navarre,40,18,168,4.2,1,4,33t,1,8,25.8,12,away,2004
Joey HarringtonJ. Harrington,27,15,196,7.3,1,1,45,2,13,75.5,26,home,2004
Billy VolekB. Volek,35,21,269,7.7,3,2,48t,7,44,88.9,24,away,2004
Craig HentrichC. Hentrich,1,0,0,0.0,0,0,0,0,0,39.6,24,away,2004
Peyton ManningP. Manning,33,25,425,12.9,3,2,59,1,8,122.3,51,home,2004
Jim SorgiJ. Sorgi,1,0,0,0.0,0,0,0,0,0,39.6,51,home,2004
Trent GreenT. Green,35,23,340,9.7,3,1,70t,0,0,114.0,34,away,2004
Kerry CollinsK. Collins,41,27,343,8.4,3,0,51t,3,10,116.2,27,home,2004
Jake PlummerJ. Plummer,40,16,278,7.0,0,4,45,2,15,24.8,17,away,2004
Drew BreesD. Brees,27,14,106,3.9,0,1,30,2,20,46.2,20,home,2004
Eli ManningE. Manning,25,12,113,4.5,0,0,48,1,6,60.9,7,away,2004
Patrick RamseyP. Ramsey,22,19,174,7.9,3,0,20,1,6,139.2,31,home,2004
Brett FavreB. Favre,29,14,131,4.5,0,2,31,3,19,32.4,17,away,2004
Craig NallC. Nall,11,8,95,8.6,2,0,24,2,8,138.3,17,away,2004
Donovan McNabbD. McNabb,43,32,464,10.8,5,0,50,4,15,147.8,47,home,2004
Koy DetmerK. Detmer,2,0,0,0.0,0,0,0,0,0,39.6,47,home,2004
Ben RoethlisbergerB. Roethlisberger,17,14,221,13.0,2,0,37t,3,25,158.0,17,away,2004
Byron LeftwichB. Leftwich,27,16,268,9.9,1,0,56,2,9,105.2,16,home,2004
Vinny TestaverdeV. Testaverde,34,18,225,6.6,2,2,39,3,18,68.9,43,away,2004
Matt HasselbeckM. Hasselbeck,40,28,414,10.3,3,0,35,2,16,128.5,39,home,2004
Kerry CollinsK. Collins,28,14,166,5.9,0,1,55,1,1,53.6,10,away,2004
Michael VickM. Vick,20,13,145,7.2,0,0,22,1,10,86.5,35,home,2004
Matt SchaubM. Schaub,1,0,0,0.0,0,0,0,0,0,39.6,35,home,2004
Matt HasselbeckM. Hasselbeck,34,23,334,9.8,3,2,37,3,17,104.3,27,away,2004
Daunte CulpepperD. Culpepper,33,21,270,8.2,1,0,54,1,9,99.3,23,home,2004
Randy MossR. Moss,1,0,0,0.0,0,1,0,0,0,0.0,23,home,2004
Carson PalmerC. Palmer,24,18,202,8.4,2,1,33,0,0,110.1,28,away,2004
Jon KitnaJ. Kitna,13,9,126,9.7,1,1,30,0,0,93.7,28,away,2004
Tom BradyT. Brady,26,18,260,10.0,2,0,48t,1,3,127.1,35,home,2004
Chad HutchinsonC. Hutchinson,33,17,212,6.4,0,1,45,5,33,59.2,3,away,2004
Byron LeftwichB. Leftwich,45,25,242,5.4,2,1,31t,0,0,76.3,22,home,2004
Eli ManningE. Manning,18,4,27,1.5,0,2,12,2,9,0.0,14,away,2004
Kurt WarnerK. Warner,9,6,127,14.1,0,0,41,0,0,109.7,14,away,2004
Kyle BollerK. Boller,34,18,219,6.4,4,0,37,4,35,112.3,37,home,2004
Peyton ManningP. Manning,33,26,298,9.0,2,0,34,2,17,124.5,23,away,2004
David CarrD. Carr,21,16,167,8.0,1,1,19,5,42,94.7,14,home,2004
Luke McCownL. McCown,20,8,62,3.1,1,2,18,6,65,25.4,7,away,2004
Jeff GarciaJ. Garcia,1,1,5,5.0,0,0,5,1,5,87.5,7,away,2004
Drew BledsoeD. Bledsoe,27,12,100,3.7,1,1,24,1,4,51.5,37,home,2004
J.P. LosmanJ. Losman,2,1,10,5.0,0,0,10,0,0,64.6,37,home,2004
Brian MoormanB. Moorman,1,0,0,0.0,0,0,0,0,0,39.6,37,home,2004
Aaron BrooksA. Brooks,31,18,252,8.1,1,2,35,2,13,68.2,27,away,2004
Vinny TestaverdeV. Testaverde,35,14,160,4.6,0,1,29,3,12,42.6,13,home,2004
Keyshawn JohnsonK. Johnson,1,0,0,0.0,0,1,0,0,0,0.0,13,home,2004
Joey HarringtonJ. Harrington,22,5,47,2.1,0,0,18,2,12,39.6,13,away,2004
Brett FavreB. Favre,36,19,188,5.2,1,0,39,1,3,77.1,16,home,2004
Chad PenningtonC. Pennington,31,17,189,6.1,0,3,43,0,0,33.6,6,away,2004
Ben RoethlisbergerB. Roethlisberger,19,9,144,7.6,0,2,46,2,12,33.6,17,home,2004
Jerome BettisJ. Bettis,1,1,10,10.0,1,0,10t,0,0,147.9,17,home,2004
A.J. FeeleyA. Feeley,35,17,170,4.9,1,1,21,4,26,60.4,17,away,2004
Jake PlummerJ. Plummer,30,16,219,7.3,0,2,32,0,0,49.2,20,home,2004
Ken DorseyK. Dorsey,34,18,191,5.6,3,0,30,1,7,99.0,31,away,2004
Josh McCownJ. McCown,44,26,307,7.0,0,1,40,1,8,70.9,28,home,2004
Brian GrieseB. Griese,50,36,392,7.8,3,3,36t,3,19,89.8,24,away,2004
Drew BreesD. Brees,23,17,220,9.6,2,2,79t,2,14,96.3,31,home,2004
Chris ChandlerC. Chandler,29,16,246,8.5,1,6,75t,3,20,55.3,7,away,2004
Jake DelhommeJ. Delhomme,30,16,206,6.9,1,1,30,2,17,72.4,20,home,2004
Donovan McNabbD. McNabb,38,21,260,6.8,1,1,80,2,15,74.5,17,away,2004
Patrick RamseyP. Ramsey,45,29,251,5.6,0,1,31,3,27,69.8,14,home,2004
Clinton PortisC. Portis,1,0,0,0.0,0,0,0,0,0,39.6,14,home,2004
Trent GreenT. Green,32,18,244,7.6,3,1,58t,1,7,99.0,49,away,2004
Billy VolekB. Volek,43,29,426,9.9,4,0,42t,5,47,130.6,38,home,2004
Ben RoethlisbergerB. Roethlisberger,28,18,316,11.3,1,2,40,3,17,84.8,33,away,2004
Antwaan Randle ElA. Randle El,1,1,10,10.0,1,0,10t,0,0,147.9,33,away,2004
Eli ManningE. Manning,23,16,182,7.9,2,1,49,0,0,103.9,30,home,2004
Patrick RamseyP. Ramsey,27,18,214,7.9,1,0,39,1,5,103.0,26,away,2004
Ken DorseyK. Dorsey,38,20,206,5.4,2,4,18,1,7,46.5,16,home,2004
Jake DelhommeJ. Delhomme,35,24,340,9.7,2,1,43,4,26,106.8,31,away,2004
Michael VickM. Vick,28,11,154,5.5,2,2,54,4,29,51.8,34,home,2004
David CarrD. Carr,29,13,220,7.6,1,0,69,2,12,82.5,24,away,2004
Chad HutchinsonC. Hutchinson,34,17,168,4.9,0,1,20,2,19,52.1,5,home,2004
Paul EdingerP. Edinger,1,0,0,0.0,0,1,0,0,0,0.0,5,home,2004
Drew BledsoeD. Bledsoe,30,15,183,6.1,1,0,60,2,14,80.3,33,away,2004
Jon KitnaJ. Kitna,32,16,151,4.7,1,2,24,3,25,47.8,17,home,2004
Drew BreesD. Brees,6,4,85,14.2,1,0,72t,1,2,149.3,21,away,2004
Luke McCownL. McCown,27,11,108,4.0,0,1,39,1,3,37.3,0,home,2004
Adimchinobe EchemanduA. Echemandu,1,0,0,0.0,0,0,0,0,0,39.6,0,home,2004
Daunte CulpepperD. Culpepper,35,25,404,11.5,3,1,82t,5,34,126.4,28,away,2004
Joey HarringtonJ. Harrington,44,25,361,8.2,2,2,62,2,11,79.8,27,home,2004
Byron LeftwichB. Leftwich,20,9,121,6.0,2,0,31t,1,6,98.1,28,away,2004
Brett FavreB. Favre,44,30,367,8.3,2,3,32t,2,17,80.4,25,home,2004
Matt HasselbeckM. Hasselbeck,30,22,201,6.7,2,1,20,4,14,99.4,14,away,2004
Trent DilferT. Dilfer,2,0,0,0.0,0,0,0,0,0,39.6,14,away,2004
Chad PenningtonC. Pennington,24,18,253,10.5,3,0,34,0,0,148.1,37,home,2004
Vinny TestaverdeV. Testaverde,28,16,176,6.3,1,2,28,3,19,58.0,7,away,2004
Donovan McNabbD. McNabb,35,20,223,6.4,1,2,20,2,15,62.0,12,home,2004
Jamie MartinJ. Martin,30,16,188,6.3,0,0,26,2,6,72.6,7,away,2004
Chris ChandlerC. Chandler,6,1,1,0.2,0,1,1,2,20,0.0,7,away,2004
Josh McCownJ. McCown,34,22,287,8.4,2,0,36,2,16,110.8,31,home,2004
Aaron BrooksA. Brooks,21,14,169,8.0,2,0,25,7,37,122.9,21,away,2004
Brian GrieseB. Griese,22,13,118,5.4,1,1,23,1,4,69.9,17,home,2004
Jake PlummerJ. Plummer,41,23,292,7.1,1,2,58,5,19,66.3,17,away,2004
Trent GreenT. Green,19,16,224,11.8,3,0,48t,3,18,155.4,45,home,2004
Todd CollinsT. Collins,4,1,42,10.5,0,0,42,0,0,70.8,45,home,2004
Billy VolekB. Volek,60,40,492,8.2,4,1,32,3,26,107.1,35,away,2004
Craig HentrichC. Hentrich,1,0,0,0.0,0,0,0,0,0,39.6,35,away,2004
Kerry CollinsK. Collins,37,21,371,10.0,5,1,57,2,13,119.5,40,home,2004
Kyle BollerK. Boller,40,19,210,5.2,1,2,33,2,16,51.0,10,away,2004
Peyton ManningP. Manning,33,20,249,7.5,1,0,31,0,0,94.1,20,home,2004
Tom BradyT. Brady,29,18,171,5.9,3,4,31t,2,15,73.3,28,away,2004
A.J. FeeleyA. Feeley,35,22,198,5.7,1,0,21t,4,19,87.6,29,home,2004
Brett FavreB. Favre,43,30,365,8.5,3,1,34,1,7,109.2,34,away,2004
Daunte CulpepperD. Culpepper,23,16,285,12.4,3,0,68t,0,0,151.3,31,home,2004
Kerry CollinsK. Collins,37,18,217,5.9,2,1,43,2,17,73.8,30,away,2004
Trent GreenT. Green,45,32,358,8.0,2,1,26t,4,24,100.0,31,home,2004
Jake PlummerJ. Plummer,26,21,303,11.7,2,1,45,0,0,124.8,37,away,2004
Billy VolekB. Volek,20,8,111,5.5,0,2,37,5,37,19.0,16,home,2004
Doug JohnsonD. Johnson,7,4,26,3.7,0,0,10,1,6,65.2,16,home,2004
Drew BreesD. Brees,31,21,290,9.4,3,1,74t,1,9,116.3,31,away,2004
Peyton ManningP. Manning,44,27,383,8.7,2,1,35,4,23,95.2,34,home,2004
Kyle BollerK. Boller,32,18,177,5.5,0,1,22,0,0,59.0,7,away,2004
Ben RoethlisbergerB. Roethlisberger,19,14,221,11.6,2,1,36t,0,0,125.1,20,home,2004
Tommy MaddoxT. Maddox,1,1,0,0.0,0,0,0,0,0,79.2,20,home,2004
Chad HutchinsonC. Hutchinson,35,20,114,3.3,1,0,28,2,9,72.8,13,away,2004
Joey HarringtonJ. Harrington,30,15,166,5.5,0,1,28,2,10,52.9,19,home,2004
Matt SchaubM. Schaub,41,17,188,4.6,0,2,59,3,14,35.4,13,away,2004
Aaron BrooksA. Brooks,24,12,227,9.5,1,2,39t,4,18,62.3,26,home,2004
Jake DelhommeJ. Delhomme,24,19,214,8.9,4,0,23,1,7,143.4,37,away,2004
Brian GrieseB. Griese,41,30,321,7.8,3,2,22t,2,22,99.7,20,home,2004
David CarrD. Carr,19,13,131,6.9,1,2,19,4,17,65.8,21,away,2004
Byron LeftwichB. Leftwich,14,6,35,2.5,0,1,9,2,16,20.5,0,home,2004
David GarrardD. Garrard,7,4,19,2.7,0,0,12,1,7,62.2,0,home,2004
Eli ManningE. Manning,37,19,201,5.4,0,1,27,2,17,56.2,22,away,2004
Jon KitnaJ. Kitna,32,20,186,5.8,2,1,21,3,16,86.2,23,home,2004
Tom BradyT. Brady,32,21,264,8.2,2,0,35,1,6,112.0,23,away,2004
Chad PenningtonC. Pennington,36,22,252,7.0,1,2,36,3,19,68.3,7,home,2004
Drew BledsoeD. Bledsoe,32,21,172,5.4,1,0,16,1,1,89.6,41,away,2004
Shane MatthewsS. Matthews,3,2,44,14.7,1,0,33t,0,0,149.3,41,away,2004
Brian MoormanB. Moorman,1,0,0,0.0,0,0,0,0,0,39.6,41,away,2004
Ken DorseyK. Dorsey,10,5,54,5.4,0,1,15,1,4,26.7,7,home,2004
Cody PickettC. Pickett,10,4,55,5.5,0,2,18,2,14,18.8,7,home,2004
Josh McCownJ. McCown,33,21,248,7.5,3,2,31t,4,28,91.5,21,away,2004
Trent DilferT. Dilfer,26,10,128,4.9,0,1,53,1,2,38.6,24,home,2004
Patrick RamseyP. Ramsey,29,19,158,5.4,1,2,32,2,9,62.1,10,away,2004
Vinny TestaverdeV. Testaverde,39,23,234,6.0,1,1,39t,5,17,74.1,13,home,2004
Luke McCownL. McCown,16,9,161,10.1,1,2,58t,2,18,72.1,7,away,2004
A.J. FeeleyA. Feeley,43,25,176,4.1,1,0,18t,2,12,75.3,10,home,2004
Sage RosenfelsS. Rosenfels,1,0,0,0.0,0,0,0,0,0,39.6,10,home,2004
Jeff BlakeJ. Blake,14,4,41,2.9,0,0,21,1,8,39.6,7,away,2004
Koy DetmerK. Detmer,6,1,5,0.8,0,0,5,0,0,39.6,7,away,2004
Donovan McNabbD. McNabb,3,3,36,12.0,1,0,23,0,0,156.2,7,away,2004
Marc BulgerM. Bulger,27,20,225,8.3,1,0,30,2,15,110.9,20,home,2004
Jeff WilkinsJ. Wilkins,1,0,0,0.0,0,0,0,0,0,39.6,20,home,2004
Chad PenningtonC. Pennington,36,21,181,5.0,1,0,17,6,37,80.9,29,away,2004
Marc BulgerM. Bulger,39,29,450,11.5,3,2,44t,3,18,116.4,32,home,2004
Isaac BruceI. Bruce,1,0,0,0.0,0,0,0,0,0,39.6,32,home,2004
Ken DorseyK. Dorsey,29,18,189,6.5,1,0,59,1,6,92.5,7,away,2004
Tom BradyT. Brady,30,22,226,7.5,2,1,25,1,5,102.9,21,home,2004
Rohan DaveyR. Davey,4,1,10,2.5,0,0,10,0,0,39.6,21,home,2004
Jon KitnaJ. Kitna,27,16,160,5.9,1,0,27,0,0,88.5,38,away,2004
Koy DetmerK. Detmer,31,17,202,6.5,0,2,31,2,16,48.1,10,home,2004
Jeff BlakeJ. Blake,23,14,85,3.7,1,1,15,1,9,64.6,10,home,2004
Daunte CulpepperD. Culpepper,44,27,299,6.8,2,0,38t,4,31,96.7,18,away,2004
Patrick RamseyP. Ramsey,26,17,216,8.3,2,1,45,3,15,100.8,21,home,2004
Aaron BrooksA. Brooks,24,14,216,9.0,1,0,44t,3,20,102.1,21,away,2004
Jake DelhommeJ. Delhomme,50,24,307,6.1,2,0,27,6,33,81.0,18,home,2004
Sage RosenfelsS. Rosenfels,38,16,264,6.9,1,3,76t,3,16,42.0,23,away,2004
Kyle BollerK. Boller,27,14,142,5.3,1,0,18,0,0,79.6,30,home,2004
Kelly HolcombK. Holcomb,29,20,228,7.9,1,2,48,1,1,75.1,22,away,2004
David CarrD. Carr,25,15,114,4.6,1,0,15,6,28,84.4,14,home,2004
Tony BanksT. Banks,1,1,16,16.0,0,0,16,0,0,118.8,14,home,2004
Jabar GaffneyJ. Gaffney,1,0,0,0.0,0,0,0,0,0,39.6,14,home,2004
Tommy MaddoxT. Maddox,24,12,120,5.0,1,2,24,2,15,43.8,29,away,2004
Brian St. PierreB. St. Pierre,1,0,0,0.0,0,0,0,0,0,39.6,29,away,2004
Drew BledsoeD. Bledsoe,30,16,189,6.3,0,1,56,3,18,58.9,24,home,2004
Brett FavreB. Favre,13,9,196,15.1,2,0,48,0,0,151.4,31,away,2004
Craig NallC. Nall,13,7,131,10.1,1,0,43,0,0,114.6,31,away,2004
Chad HutchinsonC. Hutchinson,29,20,196,6.8,0,1,63,9,60,73.3,14,home,2004
Joey HarringtonJ. Harrington,49,33,346,7.1,2,1,29,2,15,92.7,19,away,2004
Billy VolekB. Volek,28,16,175,6.2,1,0,32t,0,0,87.6,24,home,2004
Doug JohnsonD. Johnson,5,2,42,8.4,0,0,33,0,0,70.4,24,home,2004
Matt SchaubM. Schaub,22,14,133,6.0,1,1,26,1,0,76.5,26,away,2004
Michael VickM. Vick,7,6,35,5.0,1,0,11,2,18,127.1,26,away,2004
Matt HasselbeckM. Hasselbeck,27,21,191,7.1,2,1,23,4,21,105.4,28,home,2004
Chris SimmsC. Simms,32,16,224,7.0,1,2,75t,4,37,57.3,7,away,2004
Josh McCownJ. McCown,36,16,115,3.2,0,1,16,0,0,40.9,12,home,2004
Trent GreenT. Green,53,33,373,7.0,1,4,40,0,0,58.1,17,away,2004
Doug FlutieD. Flutie,22,13,199,9.0,1,0,29,1,7,104.2,24,home,2004
Philip RiversP. Rivers,8,5,33,4.1,1,0,13t,1,10,110.9,24,home,2004
Mike ScifresM. Scifres,1,0,0,0.0,0,1,0,0,0,0.0,24,home,2004
Jim SorgiJ. Sorgi,25,16,168,6.7,2,0,71t,1,8,110.1,14,away,2004
Peyton ManningP. Manning,2,1,6,3.0,0,0,6,0,0,56.2,14,away,2004
Jake PlummerJ. Plummer,30,17,246,8.2,2,0,38t,1,7,105.7,33,home,2004
Byron LeftwichB. Leftwich,28,15,149,5.3,0,1,46,1,0,54.0,13,away,2004
Kerry CollinsK. Collins,39,15,142,3.6,0,3,27,2,8,17.3,6,home,2004
Vinny TestaverdeV. Testaverde,30,23,231,7.7,1,0,37,3,11,109.2,24,away,2004
Patrick CraytonP. Crayton,1,0,0,0.0,0,1,0,0,0,0.0,24,away,2004
Eli ManningE. Manning,27,18,144,5.3,3,1,23,1,7,101.5,28,home,2004
