qb,att,cmp,yds,ypa,td,int,lg,sack,loss,rate,game_points,home_away,year
Joe FlaccoJ. Flacco,62,34,362,5.8,2,2,34,4,27,69.4,27,away,2013
Peyton ManningP. Manning,42,27,462,11.0,7,0,78t,3,17,141.1,49,home,2013
Jake LockerJ. Locker,20,11,125,6.2,0,0,25,1,8,74.0,16,away,2013
Ben RoethlisbergerB. Roethlisberger,33,21,191,5.8,1,1,22,5,28,76.7,9,home,2013
Ryan TannehillR. Tannehill,38,24,272,7.2,1,1,34t,4,17,82.3,23,away,2013
Brandon WeedenB. Weeden,53,26,289,5.5,1,3,22,6,45,48.4,10,home,2013
Tom BradyT. Brady,52,29,288,5.5,2,1,35,3,15,76.4,23,away,2013
E.J. ManuelE. Manuel,27,18,150,5.6,2,0,19,0,0,105.5,21,home,2013
Andy DaltonA. Dalton,33,26,282,8.5,2,2,45t,1,5,97.2,21,away,2013
Jay CutlerJ. Cutler,33,21,242,7.3,2,1,38,0,0,93.2,24,home,2013
Russell WilsonR. Wilson,33,25,320,9.7,1,0,43t,2,20,115.7,12,away,2013
Cam NewtonC. Newton,23,16,125,5.4,1,0,27,1,6,97.2,7,home,2013
Alex SmithA. Smith,34,21,173,5.1,2,0,26,1,2,94.4,28,away,2013
Blaine GabbertB. Gabbert,35,16,121,3.5,0,2,18,6,50,30.8,2,home,2013
Chad HenneC. Henne,6,3,36,6.0,0,0,24,0,0,68.8,2,home,2013
Josh FreemanJ. Freeman,31,15,210,6.8,1,1,39,3,25,67.9,17,away,2013
Geno SmithG. Smith,38,24,256,6.7,1,1,26,5,42,80.6,18,home,2013
Jeremy KerleyJ. Kerley,1,0,0,0.0,0,0,0,0,0,39.6,18,home,2013
Terrelle PryorT. Pryor,29,19,217,7.5,1,2,41,1,16,70.6,17,away,2013
Andrew LuckA. Luck,23,18,178,7.7,2,0,25,4,31,127.9,21,home,2013
Matt RyanM. Ryan,38,25,304,8.0,2,1,50,3,25,96.8,17,away,2013
Drew BreesD. Brees,35,26,357,10.2,2,1,67,2,16,113.6,23,home,2013
Christian PonderC. Ponder,28,18,236,8.4,1,3,47,3,11,63.1,24,away,2013
Matthew StaffordM. Stafford,43,28,357,8.3,2,1,77t,0,0,96.8,34,home,2013
Carson PalmerC. Palmer,40,26,327,8.2,2,1,44,4,23,96.6,24,away,2013
Sam BradfordS. Bradford,38,27,299,7.9,2,1,47,0,0,100.7,27,home,2013
Aaron RodgersA. Rodgers,37,21,333,9.0,3,1,38,2,11,102.6,28,away,2013
Colin KaepernickC. Kaepernick,39,27,412,10.6,3,0,43,2,8,129.4,34,home,2013
Eli ManningE. Manning,42,27,450,10.7,4,3,70t,3,22,102.3,31,away,2013
Tony RomoT. Romo,49,36,263,5.4,2,1,23,2,19,90.8,36,home,2013
Michael VickM. Vick,25,15,203,8.1,2,0,28t,3,23,112.6,33,away,2013
Robert Griffin IIIR. Griffin,49,30,329,6.7,2,2,27,3,21,77.7,27,home,2013
Matt SchaubM. Schaub,45,34,346,7.7,3,1,30,2,17,110.0,31,away,2013
Philip RiversP. Rivers,29,14,195,6.7,4,1,47,2,12,95.5,28,home,2013
Geno SmithG. Smith,35,15,214,6.1,0,3,37,4,25,27.6,10,away,2013
Tom BradyT. Brady,39,19,185,4.7,1,0,39t,1,7,71.0,13,home,2013
Tony RomoT. Romo,42,30,298,7.1,1,0,53,3,17,99.1,16,away,2013
Alex SmithA. Smith,36,21,223,6.2,2,0,31,4,24,95.0,17,home,2013
Christian PonderC. Ponder,30,16,227,7.6,1,1,37,1,0,75.3,30,away,2013
Jay CutlerJ. Cutler,38,27,292,7.7,3,2,34t,1,8,97.7,31,home,2013
Cam NewtonC. Newton,38,21,229,6.0,2,1,40t,6,46,79.8,23,away,2013
E.J. ManuelE. Manuel,39,27,296,7.6,1,1,45,1,9,89.3,24,home,2013
Brandon WeedenB. Weeden,33,21,227,6.9,0,0,53,5,39,83.8,6,away,2013
Jason CampbellJ. Campbell,4,1,6,1.5,0,0,6,0,0,39.6,6,away,2013
Joe FlaccoJ. Flacco,33,22,211,6.4,1,0,27,2,14,94.4,14,home,2013
Robert Griffin IIIR. Griffin,40,26,320,8.0,3,1,44,1,6,104.2,20,away,2013
Aaron RodgersA. Rodgers,42,34,480,11.4,4,0,57,4,39,146.0,38,home,2013
Philip RiversP. Rivers,47,36,419,8.9,3,0,31,1,6,124.3,33,away,2013
Michael VickM. Vick,36,23,428,11.9,2,0,70,2,17,123.4,30,home,2013
Nick FolesN. Foles,1,0,0,0.0,0,0,0,0,0,39.6,30,home,2013
Jake LockerJ. Locker,30,17,148,4.9,2,0,31,4,19,92.1,24,away,2013
Matt SchaubM. Schaub,48,26,298,6.2,3,2,32,2,18,76.6,30,home,2013
Sam BradfordS. Bradford,55,32,352,6.4,3,1,47,0,0,87.8,24,away,2013
Matt RyanM. Ryan,43,33,374,8.7,2,0,81t,2,17,117.8,31,home,2013
Ryan TannehillR. Tannehill,34,23,319,9.4,1,0,67,5,22,107.4,24,away,2013
Andrew LuckA. Luck,43,25,321,7.5,1,1,47,3,6,79.7,20,home,2013
Drew BreesD. Brees,46,26,322,7.0,1,2,56t,4,26,67.5,16,away,2013
Josh FreemanJ. Freeman,22,9,125,5.7,1,1,34,1,12,56.1,14,home,2013
Matthew StaffordM. Stafford,36,24,278,7.7,2,0,72t,1,5,108.3,21,away,2013
Carson PalmerC. Palmer,39,22,248,6.4,1,1,36t,1,4,73.5,25,home,2013
Patrick PetersonP. Peterson,1,1,17,17.0,0,0,17,0,0,118.8,25,home,2013
Peyton ManningP. Manning,43,30,307,7.1,2,0,36,0,0,105.5,41,away,2013
Eli ManningE. Manning,49,28,362,7.4,1,4,51,1,9,53.3,23,home,2013
Chad HenneC. Henne,38,25,241,6.3,1,0,30,5,27,92.1,9,away,2013
Terrelle PryorT. Pryor,24,15,126,5.2,0,0,17,3,12,76.0,19,home,2013
Colin KaepernickC. Kaepernick,28,13,127,4.5,0,3,19,3,20,20.1,3,away,2013
Russell WilsonR. Wilson,19,8,142,7.5,1,1,51,4,24,63.9,29,home,2013
Ben RoethlisbergerB. Roethlisberger,37,20,251,6.8,1,1,43,2,17,73.1,10,away,2013
Andy DaltonA. Dalton,45,25,280,6.2,1,0,61,0,0,81.7,20,home,2013
Alex SmithA. Smith,35,22,273,7.8,0,0,51,5,25,87.0,26,away,2013
Michael VickM. Vick,30,13,201,6.7,1,2,40,6,34,49.4,16,home,2013
Aaron RodgersA. Rodgers,43,26,244,5.7,1,2,30,4,27,64.5,30,away,2013
Andy DaltonA. Dalton,28,20,235,8.4,2,1,32,4,20,105.5,34,home,2013
Matthew StaffordM. Stafford,42,25,385,9.2,2,1,47,1,7,95.8,27,away,2013
Robert Griffin IIIR. Griffin,50,32,326,6.5,0,1,27,2,26,74.2,20,home,2013
Josh FreemanJ. Freeman,41,19,236,5.8,0,1,30,3,10,54.5,3,away,2013
Tom BradyT. Brady,36,25,225,6.2,2,1,20,3,23,92.9,23,home,2013
Eli ManningE. Manning,23,12,119,5.2,0,1,24,7,45,49.0,0,away,2013
Curtis PainterC. Painter,4,2,16,4.0,0,1,9,0,0,20.8,0,away,2013
Cam NewtonC. Newton,27,15,223,8.3,3,1,47t,1,15,104.4,38,home,2013
Matt SchaubM. Schaub,35,25,194,5.5,0,1,18,3,24,72.8,9,away,2013
Joe FlaccoJ. Flacco,24,16,171,7.1,0,0,48,2,10,87.3,30,home,2013
Brian HoyerB. Hoyer,54,30,321,5.9,3,3,47t,3,26,68.5,31,away,2013
Spencer LanningS. Lanning,1,1,11,11.0,1,0,11t,0,0,152.1,31,away,2013
Christian PonderC. Ponder,42,25,228,5.4,0,1,37,6,33,64.4,27,home,2013
Carson PalmerC. Palmer,35,18,187,5.3,0,2,26,4,26,43.4,7,away,2013
Drew BreesD. Brees,46,29,342,7.4,3,1,29,4,23,98.3,31,home,2013
Sam BradfordS. Bradford,48,29,240,5.0,1,0,29,6,43,80.2,7,away,2013
Johnny HekkerJ. Hekker,1,0,0,0.0,0,0,0,0,0,39.6,7,away,2013
Tony RomoT. Romo,24,17,210,8.8,3,0,24t,1,7,137.2,31,home,2013
Philip RiversP. Rivers,24,20,184,7.7,1,0,34,2,9,112.5,17,away,2013
Jake LockerJ. Locker,37,23,299,8.1,1,0,35,2,17,96.6,20,home,2013
Matt RyanM. Ryan,38,23,231,6.1,2,1,34,0,0,84.4,23,away,2013
Ryan TannehillR. Tannehill,35,24,236,6.7,2,1,21,5,41,94.5,27,home,2013
Chad HenneC. Henne,38,18,235,6.2,0,2,59,3,21,45.4,17,away,2013
Russell WilsonR. Wilson,21,14,202,9.6,4,1,30,2,8,117.5,45,home,2013
Tarvaris JacksonT. Jackson,8,7,129,16.1,1,0,35t,0,0,158.3,45,home,2013
Andrew LuckA. Luck,26,17,159,6.1,0,0,25,1,7,82.1,27,away,2013
Colin KaepernickC. Kaepernick,27,13,150,5.6,0,1,30,3,11,49.9,7,home,2013
E.J. ManuelE. Manuel,42,19,243,5.8,1,0,33t,8,35,71.8,20,away,2013
Geno SmithG. Smith,29,16,331,11.4,2,2,69t,0,0,89.9,27,home,2013
Jay CutlerJ. Cutler,30,20,159,5.3,1,0,41,2,8,90.8,40,away,2013
Ben RoethlisbergerB. Roethlisberger,41,26,406,9.9,2,2,45,3,27,92.1,23,home,2013
Terrelle PryorT. Pryor,28,19,281,10.0,1,0,73t,3,23,112.4,21,away,2013
Matt FlynnM. Flynn,2,1,19,9.5,0,0,19,0,0,83.3,21,away,2013
Darren McFaddenD. McFadden,1,1,16,16.0,1,0,16t,0,0,158.3,21,away,2013
Peyton ManningP. Manning,37,32,374,10.1,3,0,61,1,2,135.8,37,home,2013
Colin KaepernickC. Kaepernick,23,15,167,7.3,2,0,42,2,16,115.7,35,away,2013
Sam BradfordS. Bradford,41,19,202,4.9,1,1,27,5,32,59.2,11,home,2013
Carson PalmerC. Palmer,38,21,248,6.5,1,2,27,1,8,62.2,13,away,2013
Mike GlennonM. Glennon,43,24,193,4.5,1,2,20,2,20,55.7,10,home,2013
Joe FlaccoJ. Flacco,50,25,347,6.9,2,5,74,4,26,46.4,20,away,2013
E.J. ManuelE. Manuel,22,10,167,7.6,1,2,42t,2,20,48.9,23,home,2013
Andy DaltonA. Dalton,42,23,206,4.9,0,1,29,2,3,58.2,6,away,2013
Brian HoyerB. Hoyer,38,25,269,7.1,2,0,39,3,22,103.9,17,home,2013
Russell WilsonR. Wilson,23,12,123,5.3,0,1,24,5,32,49.7,23,away,2013
Matt SchaubM. Schaub,49,31,355,7.2,2,2,31t,4,30,81.6,20,home,2013
Jay CutlerJ. Cutler,47,27,317,6.7,2,3,44,3,31,65.6,32,away,2013
Matthew StaffordM. Stafford,35,23,242,6.9,1,1,24,1,14,83.3,40,home,2013
Andrew LuckA. Luck,35,21,257,7.3,2,1,31t,2,14,89.8,37,away,2013
Matt HasselbeckM. Hasselbeck,3,2,37,12.3,0,0,21,0,0,109.0,37,away,2013
Blaine GabbertB. Gabbert,32,17,179,5.6,0,3,31,4,14,30.6,3,home,2013
Eli ManningE. Manning,37,18,217,5.9,1,1,69t,3,17,64.8,7,away,2013
Alex SmithA. Smith,41,24,288,7.0,3,2,34t,1,0,84.2,31,home,2013
Ben RoethlisbergerB. Roethlisberger,51,36,383,7.5,1,1,36,5,26,90.6,27,away,2013
Matt CasselM. Cassel,25,16,248,9.9,2,0,70t,1,0,123.4,34,home,2013
Geno SmithG. Smith,34,23,289,8.5,1,2,36,5,50,79.2,13,away,2013
Jake LockerJ. Locker,24,18,149,6.2,3,0,25,2,13,130.0,38,home,2013
Ryan FitzpatrickR. Fitzpatrick,8,3,108,13.5,1,0,77t,0,0,125.0,38,home,2013
Michael VickM. Vick,27,14,248,9.2,0,0,38,3,13,83.6,20,away,2013
Nick FolesN. Foles,4,3,49,12.2,1,0,37,0,0,155.2,20,away,2013
Peyton ManningP. Manning,34,28,327,9.6,4,0,52,1,6,146.0,52,home,2013
Brock OsweilerB. Osweiler,3,2,10,3.3,0,0,5,0,0,71.5,52,home,2013
Robert Griffin IIIR. Griffin,31,18,227,7.3,1,0,33,1,10,91.7,24,away,2013
Matt FlynnM. Flynn,32,21,227,7.1,1,1,34,7,33,83.7,14,home,2013
Tony RomoT. Romo,37,27,246,6.6,2,0,34t,3,19,108.6,21,away,2013
Philip RiversP. Rivers,42,35,401,9.5,3,1,56t,1,7,120.3,30,home,2013
Tom BradyT. Brady,31,20,316,10.2,2,0,49,0,0,119.8,30,away,2013
Matt RyanM. Ryan,54,34,421,7.8,2,1,49,2,22,91.7,23,home,2013
Ryan TannehillR. Tannehill,35,22,249,7.1,1,3,50,4,33,57.9,17,away,2013
Drew BreesD. Brees,39,30,413,10.6,4,0,48,2,16,144.5,38,home,2013
E.J. ManuelE. Manuel,20,11,129,6.5,0,0,24,2,10,74.8,24,away,2013
Jeff TuelJ. Tuel,20,8,80,4.0,0,1,13,2,11,31.2,24,away,2013
Brandon WeedenB. Weeden,24,13,197,8.2,1,0,47,5,23,95.3,37,home,2013
Brian HoyerB. Hoyer,4,2,25,6.2,0,0,13,0,0,69.8,37,home,2013
Blaine GabbertB. Gabbert,19,9,181,9.5,1,2,67t,2,3,59.2,20,away,2013
Chad HenneC. Henne,13,7,89,6.8,1,0,39,0,0,101.1,20,away,2013
Sam BradfordS. Bradford,34,19,222,6.5,3,0,31t,2,14,105.3,34,home,2013
Tom BradyT. Brady,38,18,197,5.2,0,1,53,4,31,52.2,6,away,2013
Andy DaltonA. Dalton,27,20,212,7.9,0,1,28,4,33,81.1,13,home,2013
Alex SmithA. Smith,39,20,245,6.3,0,1,44,2,12,60.3,26,away,2013
Ryan FitzpatrickR. Fitzpatrick,41,21,247,6.0,1,2,49t,3,13,57.7,17,home,2013
Nick FolesN. Foles,25,16,197,7.9,2,0,28,1,3,114.9,36,away,2013
Michael VickM. Vick,14,6,105,7.5,0,0,56,0,0,69.0,36,away,2013
Eli ManningE. Manning,52,24,334,6.4,2,3,49,1,4,56.1,21,home,2013
Drew BreesD. Brees,35,29,288,8.2,2,0,38,1,5,120.0,26,away,2013
Jay CutlerJ. Cutler,33,24,358,10.8,2,0,58,3,18,128.1,18,home,2013
Joe FlaccoJ. Flacco,32,19,269,8.4,0,1,43,2,18,73.6,26,away,2013
Ryan TannehillR. Tannehill,40,21,307,7.7,1,0,49,6,35,86.1,23,home,2013
Russell WilsonR. Wilson,31,15,210,6.8,2,1,28t,2,5,78.7,28,away,2013
Andrew LuckA. Luck,29,16,229,7.9,2,0,73t,2,21,104.0,34,home,2013
Matthew StaffordM. Stafford,40,25,262,6.5,1,0,25,5,40,89.8,9,away,2013
Aaron RodgersA. Rodgers,30,20,274,9.1,1,0,83t,1,5,106.8,22,home,2013
Cam NewtonC. Newton,39,21,308,7.9,0,3,32,7,50,47.8,6,away,2013
Carson PalmerC. Palmer,28,19,175,6.2,1,3,22,2,15,57.0,22,home,2013
Philip RiversP. Rivers,48,35,411,8.6,2,3,51,2,20,86.4,17,away,2013
Terrelle PryorT. Pryor,23,18,221,9.6,2,0,44t,4,26,135.7,27,home,2013
Peyton ManningP. Manning,42,33,414,9.9,4,1,57,0,0,129.6,51,away,2013
Tony RomoT. Romo,36,25,506,14.1,5,1,82t,4,36,140.0,48,home,2013
Matt SchaubM. Schaub,35,19,173,4.9,0,3,19,1,6,32.2,3,away,2013
T.J. YatesT. Yates,5,3,15,3.0,0,0,5,0,0,64.6,3,away,2013
Colin KaepernickC. Kaepernick,15,6,113,7.5,1,0,64t,1,6,89.0,34,home,2013
Geno SmithG. Smith,20,16,199,9.9,3,0,47,4,29,147.7,30,away,2013
Matt RyanM. Ryan,45,36,319,7.1,2,0,46,2,12,111.0,28,home,2013
Shann SchillingerS. Schillinger,1,1,-8,-8.0,0,0,-8,0,0,79.2,28,home,2013
Eli ManningE. Manning,26,14,239,9.2,1,3,37t,1,7,58.5,21,away,2013
Jay CutlerJ. Cutler,36,24,262,7.3,2,0,30,0,0,106.5,27,home,2013
Matthew StaffordM. Stafford,43,25,248,5.8,4,1,24,1,0,95.9,31,away,2013
Brandon WeedenB. Weeden,43,26,292,6.8,2,2,36,2,23,76.9,17,home,2013
Aaron RodgersA. Rodgers,32,17,315,9.8,1,1,64t,3,17,84.8,19,away,2013
Joe FlaccoJ. Flacco,34,20,342,10.1,2,0,63,5,29,112.6,17,home,2013
Andy DaltonA. Dalton,40,26,337,8.4,3,1,54,3,19,105.9,27,away,2013
Thaddeus LewisT. Lewis,32,19,216,6.8,2,0,47,5,24,100.5,24,home,2013
Sam BradfordS. Bradford,16,12,117,7.3,3,0,34,0,0,134.6,38,away,2013
Matt SchaubM. Schaub,21,15,186,8.9,0,0,41,3,10,98.5,13,home,2013
T.J. YatesT. Yates,17,12,98,5.8,0,2,20,2,7,45.3,13,home,2013
Terrelle PryorT. Pryor,34,18,216,6.4,1,3,39t,9,63,45.7,7,away,2013
Alex SmithA. Smith,31,14,128,4.1,0,0,24,3,23,56.9,24,home,2013
Cam NewtonC. Newton,26,20,242,9.3,3,0,79t,1,6,143.4,35,away,2013
Matt CasselM. Cassel,44,32,241,5.5,1,2,23t,3,26,74.1,10,home,2013
Ben RoethlisbergerB. Roethlisberger,30,23,264,8.8,1,0,55t,3,17,113.8,19,away,2013
Antonio BrownA. Brown,1,1,15,15.0,0,0,15,1,7,118.8,19,away,2013
Geno SmithG. Smith,34,19,201,5.9,0,2,29,3,17,48.8,6,home,2013
Nick FolesN. Foles,31,22,296,9.5,3,0,47t,1,9,133.3,31,away,2013
Mike GlennonM. Glennon,43,26,273,6.3,2,1,36,2,16,84.7,20,home,2013
Chad HenneC. Henne,42,27,303,7.2,0,2,23,2,12,65.9,19,away,2013
Peyton ManningP. Manning,42,28,295,7.0,2,1,42,0,0,92.9,35,home,2013
Ryan FitzpatrickR. Fitzpatrick,29,17,171,5.9,0,2,32,3,14,46.8,13,away,2013
Russell WilsonR. Wilson,31,23,257,8.3,0,0,55,2,4,98.5,20,home,2013
Carson PalmerC. Palmer,41,25,298,7.3,2,2,75t,1,4,79.1,20,away,2013
Colin KaepernickC. Kaepernick,29,16,252,8.7,2,1,61t,2,14,92.9,32,home,2013
Drew BreesD. Brees,36,17,236,6.6,2,1,34t,1,6,75.7,27,away,2013
Tom BradyT. Brady,43,25,269,6.3,1,1,23,5,34,74.7,30,home,2013
Robert Griffin IIIR. Griffin,39,19,246,6.3,0,1,29,3,29,58.3,16,away,2013
Tony RomoT. Romo,30,18,170,5.7,1,1,17,1,5,72.9,31,home,2013
Andrew LuckA. Luck,30,18,202,6.7,0,1,35,1,9,66.2,9,away,2013
Philip RiversP. Rivers,33,22,237,7.2,1,0,25,2,10,97.7,19,home,2013
Russell WilsonR. Wilson,29,18,235,8.1,3,0,32,3,26,122.1,34,away,2013
Carson PalmerC. Palmer,45,30,258,5.7,1,2,19,7,54,70.4,22,home,2013
Thaddeus LewisT. Lewis,32,21,202,6.3,0,1,30,4,24,70.1,23,away,2013
Ryan TannehillR. Tannehill,37,19,194,5.2,3,2,46,2,21,71.2,21,home,2013
Tom BradyT. Brady,46,22,228,5.0,0,1,30,4,23,53.5,27,away,2013
Geno SmithG. Smith,33,17,233,7.1,1,1,27,4,27,71.9,30,home,2013
Tony RomoT. Romo,47,28,317,6.7,1,2,26,2,23,69.2,17,away,2013
Nick FolesN. Foles,29,11,80,2.8,0,0,16,3,15,46.2,3,home,2013
Matt BarkleyM. Barkley,20,11,129,6.5,0,3,26,0,0,35.2,3,home,2013
Case KeenumC. Keenum,25,15,271,10.8,1,0,42,5,50,110.6,16,away,2013
Alex SmithA. Smith,34,23,240,7.1,0,1,43,2,9,75.6,17,home,2013
Josh McCownJ. McCown,20,14,204,10.2,1,0,35,1,7,119.6,41,away,2013
Jay CutlerJ. Cutler,8,3,28,3.5,0,1,13,1,6,8.3,41,away,2013
Robert Griffin IIIR. Griffin,29,18,298,10.3,2,1,45t,1,8,105.2,45,home,2013
Philip RiversP. Rivers,26,22,285,11.0,1,0,36,1,9,125.2,24,away,2013
Chad HenneC. Henne,36,23,318,8.8,0,1,43,6,43,80.6,6,home,2013
Mike GlennonM. Glennon,44,26,256,5.8,2,0,59t,3,30,90.7,23,away,2013
Matt RyanM. Ryan,26,20,273,10.5,3,0,54,0,0,148.4,31,home,2013
Andy DaltonA. Dalton,34,24,372,10.9,3,0,82t,1,8,135.9,27,away,2013
Matthew StaffordM. Stafford,51,28,357,7.0,3,0,50t,0,0,96.6,24,home,2013
Sam BradfordS. Bradford,30,21,255,8.5,1,1,73,2,8,93.1,15,away,2013
Kellen ClemensK. Clemens,4,2,19,4.8,0,0,10,2,12,63.5,15,away,2013
Cam NewtonC. Newton,17,15,204,12.0,1,0,25,2,24,136.3,30,home,2013
Colin KaepernickC. Kaepernick,21,13,199,9.5,0,0,29,2,3,93.2,31,away,2013
Jake LockerJ. Locker,41,25,326,8.0,2,1,66t,3,28,92.1,17,home,2013
Brandon WeedenB. Weeden,42,17,149,3.5,1,1,19,3,16,48.6,13,away,2013
Aaron RodgersA. Rodgers,36,25,260,7.2,3,0,39,1,7,117.8,31,home,2013
Joe FlaccoJ. Flacco,34,24,215,6.3,1,0,41,1,10,97.1,16,away,2013
Ben RoethlisbergerB. Roethlisberger,23,17,160,7.0,1,0,19,3,15,107.2,19,home,2013
Peyton ManningP. Manning,49,29,386,7.9,3,1,49,4,21,96.1,33,away,2013
Andrew LuckA. Luck,38,21,228,6.0,3,0,28,2,15,99.5,39,home,2013
Josh FreemanJ. Freeman,53,20,190,3.6,0,1,22,1,14,40.6,7,away,2013
Eli ManningE. Manning,39,23,200,5.1,1,0,24t,2,7,81.1,23,home,2013
Cam NewtonC. Newton,32,23,221,6.9,2,0,35,3,26,111.6,31,away,2013
Mike GlennonM. Glennon,51,30,275,5.4,1,0,29,3,26,80.1,13,home,2013
Ryan TannehillR. Tannehill,42,22,192,4.6,2,2,25,6,47,60.8,17,away,2013
Tom BradyT. Brady,22,13,116,5.3,1,1,26,3,16,69.5,27,home,2013
Jason CampbellJ. Campbell,36,22,293,8.1,2,0,47,1,10,105.4,17,away,2013
Alex SmithA. Smith,36,24,225,6.2,2,0,28t,6,30,102.2,23,home,2013
Colin KaepernickC. Kaepernick,16,10,164,10.2,1,0,43,0,0,117.7,42,away,2013
Colt McCoyC. McCoy,1,1,13,13.0,0,0,13,0,0,118.8,42,away,2013
Chad HenneC. Henne,45,29,228,5.1,1,0,29t,0,0,84.3,10,home,2013
Eli ManningE. Manning,39,25,246,6.3,0,0,27,1,9,81.8,15,away,2013
Matt BarkleyM. Barkley,26,17,158,6.1,0,1,25,3,24,65.9,7,home,2013
Michael VickM. Vick,9,6,30,3.3,0,1,11,1,12,31.9,7,home,2013
Tony RomoT. Romo,30,14,206,6.9,3,0,60t,0,0,102.9,30,away,2013
Matthew StaffordM. Stafford,48,33,488,10.2,1,2,87,1,8,91.3,31,home,2013
Thaddeus LewisT. Lewis,39,22,234,6.0,1,1,26,4,23,72.0,17,away,2013
Drew BreesD. Brees,34,26,332,9.8,5,0,69t,4,23,146.1,35,home,2013
Geno SmithG. Smith,30,20,159,5.3,0,2,26,3,28,51.9,9,away,2013
Matt SimmsM. Simms,7,3,17,2.4,0,0,7,1,1,50.3,9,away,2013
Andy DaltonA. Dalton,30,19,325,10.8,5,1,53,1,2,125.7,49,home,2013
Ben RoethlisbergerB. Roethlisberger,45,29,275,6.1,1,2,33,5,34,70.1,18,away,2013
Terrelle PryorT. Pryor,19,10,88,4.6,0,2,18,2,6,25.7,21,home,2013
Robert Griffin IIIR. Griffin,30,15,132,4.4,1,2,17,3,26,45.4,21,away,2013
Kirk CousinsK. Cousins,9,5,48,5.3,0,2,17,0,0,31.0,21,away,2013
Peyton ManningP. Manning,44,30,354,8.0,4,3,35t,2,15,94.3,45,home,2013
Matt RyanM. Ryan,61,34,301,4.9,1,4,25,4,36,47.2,13,away,2013
Carson PalmerC. Palmer,18,13,172,9.6,2,1,51,3,25,116.0,27,home,2013
Aaron RodgersA. Rodgers,29,24,285,9.8,2,0,76t,2,3,130.6,44,away,2013
Christian PonderC. Ponder,21,14,145,6.9,0,0,18,3,13,86.4,31,home,2013
Russell WilsonR. Wilson,18,10,139,7.7,2,0,80t,7,48,117.6,14,away,2013
Kellen ClemensK. Clemens,31,15,158,5.1,0,2,26,3,19,36.8,9,home,2013
Andy DaltonA. Dalton,53,32,338,6.4,0,3,26,5,36,55.4,20,away,2013
Ryan TannehillR. Tannehill,28,20,208,7.4,0,0,40,3,20,92.6,22,home,2013
Alex SmithA. Smith,29,19,124,4.3,0,0,20,2,9,74.5,23,away,2013
Jeff TuelJ. Tuel,39,18,229,5.9,1,2,59t,0,0,52.2,13,home,2013
Jake LockerJ. Locker,22,13,185,8.4,0,2,45,4,20,48.5,28,away,2013
Kellen ClemensK. Clemens,35,20,210,6.0,1,0,25,2,7,84.2,21,home,2013
Drew BreesD. Brees,51,30,382,7.5,2,2,60,2,16,79.0,20,away,2013
Geno SmithG. Smith,19,8,115,6.1,0,0,44,2,0,62.4,26,home,2013
Joshua CribbsJ. Cribbs,1,1,25,25.0,0,0,25,0,0,118.8,26,home,2013
Christian PonderC. Ponder,37,25,236,6.4,1,1,31t,2,12,82.7,23,away,2013
Tony RomoT. Romo,51,34,337,6.6,2,1,34,3,23,90.1,27,home,2013
Matt RyanM. Ryan,27,20,219,8.1,1,3,41,1,8,70.4,10,away,2013
Cam NewtonC. Newton,37,23,249,6.7,1,2,30,1,7,68.4,34,home,2013
Philip RiversP. Rivers,46,29,341,7.4,2,2,22,1,0,81.9,24,away,2013
Robert Griffin IIIR. Griffin,32,23,291,9.1,0,1,38,0,0,86.8,30,home,2013
Mike GlennonM. Glennon,23,17,168,7.3,2,0,27,3,25,123.1,24,away,2013
Mike JamesM. James,1,1,2,2.0,1,0,2t,0,0,118.8,24,away,2013
Russell WilsonR. Wilson,26,19,217,8.3,2,2,28,0,0,91.3,27,home,2013
Nick FolesN. Foles,28,22,406,14.5,7,0,63t,1,1,158.3,49,away,2013
Matt BarkleyM. Barkley,3,2,13,4.3,0,0,10,0,0,75.7,49,away,2013
Terrelle PryorT. Pryor,41,22,288,7.0,0,2,66,3,25,55.7,20,home,2013
Matt McGloinM. McGloin,15,7,87,5.8,0,0,22,0,0,65.1,20,home,2013
Ben RoethlisbergerB. Roethlisberger,48,28,400,8.3,4,2,42,5,29,95.8,31,away,2013
Tom BradyT. Brady,33,23,432,13.1,4,0,81t,3,19,151.8,55,home,2013
Joe FlaccoJ. Flacco,41,24,250,6.1,2,1,46,5,27,82.4,18,away,2013
Jason CampbellJ. Campbell,35,23,262,7.5,3,0,46,2,18,116.6,24,home,2013
Brandon WeedenB. Weeden,2,1,-2,-1.0,0,0,-2,0,0,56.2,24,home,2013
Andrew LuckA. Luck,40,18,271,6.8,3,0,58t,4,26,92.8,27,away,2013
Case KeenumC. Keenum,34,20,350,10.3,3,0,62t,1,10,123.4,24,home,2013
Josh McCownJ. McCown,41,22,272,6.6,2,0,33,1,1,90.7,27,away,2013
Seneca WallaceS. Wallace,19,11,114,6.0,0,1,17,4,25,53.4,20,home,2013
Aaron RodgersA. Rodgers,2,1,27,13.5,0,0,27,1,3,95.8,20,home,2013
Robert Griffin IIIR. Griffin,37,24,281,7.6,3,0,32,4,39,114.8,27,away,2013
Christian PonderC. Ponder,21,17,174,8.3,2,1,28t,1,5,113.1,34,home,2013
Matt CasselM. Cassel,6,4,47,7.8,0,0,25,0,0,90.3,34,home,2013
Nick FolesN. Foles,18,12,228,12.7,3,0,55t,3,17,149.3,27,away,2013
Scott TolzienS. Tolzien,39,24,280,7.2,1,2,36,1,8,70.5,13,home,2013
Seneca WallaceS. Wallace,5,5,25,5.0,0,0,13,0,0,87.5,13,home,2013
Matthew StaffordM. Stafford,35,18,219,6.3,3,1,25,0,0,87.7,21,away,2013
Jay CutlerJ. Cutler,40,21,250,6.2,1,1,44,1,9,69.8,19,home,2013
Josh McCownJ. McCown,9,6,62,6.9,1,0,14,1,3,123.4,19,home,2013
E.J. ManuelE. Manuel,39,22,155,4.0,1,1,23,3,23,63.5,10,away,2013
Ben RoethlisbergerB. Roethlisberger,30,18,204,6.8,1,1,40,4,40,77.6,23,home,2013
Andy DaltonA. Dalton,51,24,274,5.4,2,3,51t,5,30,52.2,17,away,2013
Joe FlaccoJ. Flacco,36,20,140,3.9,2,2,18,5,36,60.0,20,home,2013
Chad HenneC. Henne,23,14,180,7.8,0,2,27,3,20,49.2,29,away,2013
Ryan FitzpatrickR. Fitzpatrick,33,22,264,8.0,2,0,40,1,9,111.2,27,home,2013
Jake LockerJ. Locker,9,4,24,2.7,0,1,15,0,0,12.0,27,home,2013
Terrelle PryorT. Pryor,26,11,122,4.7,0,1,23,4,16,40.9,20,away,2013
Eli ManningE. Manning,22,12,140,6.4,1,1,25,3,22,70.3,24,home,2013
Russell WilsonR. Wilson,26,19,287,11.0,2,0,46,1,8,134.6,33,away,2013
Matt RyanM. Ryan,36,23,172,4.8,1,0,31,2,10,84.5,10,home,2013
Kellen ClemensK. Clemens,16,9,247,15.4,2,0,81t,2,15,140.6,38,away,2013
Andrew LuckA. Luck,47,29,353,7.5,1,3,65,3,33,65.3,8,home,2013
Matt HasselbeckM. Hasselbeck,5,2,68,13.6,0,1,57,0,0,47.9,8,home,2013
Cam NewtonC. Newton,32,16,169,5.3,0,1,19,3,28,52.7,10,away,2013
Colin KaepernickC. Kaepernick,22,11,91,4.1,0,1,14,6,45,42.0,9,home,2013
Peyton ManningP. Manning,36,25,330,9.2,4,0,74t,2,17,135.2,28,away,2013
Philip RiversP. Rivers,29,19,218,7.5,1,0,30,4,20,99.5,20,home,2013
Case KeenumC. Keenum,43,22,201,4.7,3,0,22,3,42,87.5,24,away,2013
Carson PalmerC. Palmer,32,20,241,7.5,2,1,26,1,6,93.4,27,home,2013
Tony RomoT. Romo,24,10,128,5.3,1,0,44,3,24,72.9,17,away,2013
Drew BreesD. Brees,41,34,392,9.6,4,0,52t,1,9,139.0,49,home,2013
Ryan TannehillR. Tannehill,42,27,229,5.5,2,1,19t,2,18,84.3,19,away,2013
Mike GlennonM. Glennon,21,11,139,6.6,1,1,30,2,15,69.3,22,home,2013
Andrew LuckA. Luck,36,23,232,6.4,0,0,39,1,3,82.2,30,away,2013
Ryan FitzpatrickR. Fitzpatrick,28,22,222,7.9,1,0,42,2,4,111.6,27,home,2013
Robert Griffin IIIR. Griffin,35,17,264,7.5,2,1,62t,4,28,81.1,16,away,2013
Nick FolesN. Foles,26,17,298,11.5,0,0,49,3,22,104.3,24,home,2013
Joe FlaccoJ. Flacco,31,17,162,5.2,1,2,17,3,19,53.4,20,away,2013
Josh McCownJ. McCown,31,19,216,7.0,1,0,43,2,1,92.9,23,home,2013
Matthew StaffordM. Stafford,46,19,362,7.9,2,1,79t,2,18,74.7,27,away,2013
Ben RoethlisbergerB. Roethlisberger,45,29,367,8.2,4,0,47t,1,9,119.4,37,home,2013
Matt RyanM. Ryan,36,19,254,7.1,2,2,80t,3,20,70.8,28,away,2013
Dominique DavisD. Davis,7,5,34,4.9,0,0,14,0,0,81.8,28,away,2013
Mike GlennonM. Glennon,23,20,231,10.0,2,0,53,2,7,137.5,41,home,2013
Michael KoenenM. Koenen,1,0,0,0.0,0,0,0,0,0,39.6,41,home,2013
Bobby RaineyB. Rainey,1,0,0,0.0,0,0,0,0,0,39.6,41,home,2013
Geno SmithG. Smith,23,8,103,4.5,0,3,38,4,30,10.1,14,away,2013
Matt SimmsM. Simms,6,4,60,10.0,1,0,25,0,0,138.9,14,away,2013
E.J. ManuelE. Manuel,28,20,245,8.8,2,0,43t,1,0,121.9,37,home,2013
Carson PalmerC. Palmer,42,30,419,10.0,2,0,91t,3,17,119.0,27,away,2013
Chad HenneC. Henne,42,27,255,6.1,1,2,62t,2,13,69.0,14,home,2013
Matt McGloinM. McGloin,32,18,197,6.2,3,0,36,2,21,105.9,28,away,2013
Matt SchaubM. Schaub,25,12,155,6.2,0,0,23,0,0,67.9,23,home,2013
Case KeenumC. Keenum,24,13,170,7.1,1,1,42t,2,21,73.3,23,home,2013
Philip RiversP. Rivers,34,22,298,8.8,1,1,35,3,17,90.1,16,away,2013
Ryan TannehillR. Tannehill,35,22,268,7.7,1,1,39t,4,29,84.0,20,home,2013
Jason CampbellJ. Campbell,56,27,248,4.4,1,3,74t,4,20,44.3,20,away,2013
Andy DaltonA. Dalton,27,13,93,3.4,3,2,25t,0,0,62.7,41,home,2013
Mohamed SanuM. Sanu,1,1,25,25.0,0,0,25,0,0,118.8,41,home,2013
Alex SmithA. Smith,45,21,230,5.1,2,0,26,3,30,77.1,17,away,2013
Peyton ManningP. Manning,40,24,323,8.1,1,0,70,0,0,94.1,27,home,2013
Colin KaepernickC. Kaepernick,31,17,127,4.1,2,1,17t,3,12,72.9,20,away,2013
Drew BreesD. Brees,43,30,305,7.1,1,1,44,1,10,87.8,23,home,2013
Christian PonderC. Ponder,22,13,129,5.9,1,2,38t,2,3,53.0,20,away,2013
Matt CasselM. Cassel,13,5,78,6.0,1,1,30,0,0,52.7,20,away,2013
Russell WilsonR. Wilson,18,13,230,12.8,2,0,44,1,6,151.4,41,home,2013
Tarvaris JacksonT. Jackson,3,1,6,2.0,0,0,6,0,0,42.4,41,home,2013
Scott TolzienS. Tolzien,34,24,339,10.0,0,3,52,0,0,65.7,13,away,2013
Eli ManningE. Manning,35,25,279,8.0,1,1,35,4,23,92.4,27,home,2013
Tom BradyT. Brady,40,29,296,7.4,1,1,37,2,13,91.2,20,away,2013
Cam NewtonC. Newton,28,19,209,7.5,3,0,42,3,12,125.4,24,home,2013
Drew BreesD. Brees,33,23,278,8.4,2,0,44t,1,7,115.5,17,away,2013
Matt RyanM. Ryan,39,30,292,7.5,0,0,22,5,28,97.4,13,home,2013
Christian PonderC. Ponder,30,21,233,7.8,1,0,31,6,18,103.9,26,away,2013
Matt FlynnM. Flynn,36,21,218,6.1,1,0,34,0,0,85.2,26,home,2013
Scott TolzienS. Tolzien,17,7,98,5.8,0,0,34,2,18,60.4,26,home,2013
Mike GlennonM. Glennon,21,14,247,11.8,2,0,85t,4,40,138.4,24,away,2013
Matthew StaffordM. Stafford,46,26,297,6.5,3,4,28,2,11,61.6,21,home,2013
Cam NewtonC. Newton,38,19,174,4.6,1,1,29,3,15,60.6,20,away,2013
Ryan TannehillR. Tannehill,42,28,310,7.4,1,1,57,3,30,86.4,16,home,2013
Ben RoethlisbergerB. Roethlisberger,34,22,217,6.4,2,0,41t,0,0,102.2,27,away,2013
Brandon WeedenB. Weeden,30,13,209,7.0,1,1,47,3,6,64.4,11,home,2013
Jason CampbellJ. Campbell,22,14,124,5.6,0,0,24,2,15,78.6,11,home,2013
Josh McCownJ. McCown,47,36,352,7.5,2,1,37,1,8,102.4,21,away,2013
Kellen ClemensK. Clemens,22,10,167,7.6,1,0,32,2,19,86.7,42,home,2013
Philip RiversP. Rivers,39,27,392,10.1,3,0,60t,1,5,127.3,41,away,2013
Alex SmithA. Smith,38,26,294,7.7,3,1,36,3,13,106.7,38,home,2013
Geno SmithG. Smith,22,9,127,5.8,0,2,30,3,22,22.3,3,away,2013
Joshua CribbsJ. Cribbs,2,1,13,6.5,0,0,13,0,0,70.8,3,away,2013
Joe FlaccoJ. Flacco,26,17,273,10.5,1,1,66t,4,28,97.1,19,home,2013
Tyrod TaylorT. Taylor,1,0,0,0.0,0,0,0,0,0,39.6,19,home,2013
Chad HenneC. Henne,32,23,239,7.5,0,0,51,4,24,93.1,13,away,2013
Denard RobinsonD. Robinson,1,0,0,0.0,0,0,0,0,0,39.6,13,away,2013
Case KeenumC. Keenum,34,18,169,5.0,0,1,37,2,28,54.7,6,home,2013
Ryan FitzpatrickR. Fitzpatrick,42,30,320,7.6,2,0,54t,2,8,109.2,23,away,2013
Matt McGloinM. McGloin,32,19,260,8.1,1,1,27t,0,0,82.8,19,home,2013
Andrew LuckA. Luck,39,20,163,4.2,1,1,17t,1,4,60.1,11,away,2013
Carson PalmerC. Palmer,37,26,314,8.5,2,0,32,3,24,114.0,40,home,2013
Larry FitzgeraldL. Fitzgerald,1,0,0,0.0,0,0,0,0,0,39.6,40,home,2013
Tony RomoT. Romo,38,23,234,6.2,2,1,24,4,30,84.8,24,away,2013
Eli ManningE. Manning,30,16,174,5.8,2,0,27t,2,20,92.9,21,home,2013
Peyton ManningP. Manning,36,19,150,4.2,2,1,31,2,18,70.4,31,away,2013
Tom BradyT. Brady,50,34,344,6.9,3,0,43,3,20,107.4,34,home,2013
Colin KaepernickC. Kaepernick,24,15,235,9.8,3,0,40,2,7,134.5,27,away,2013
Robert Griffin IIIR. Griffin,26,16,118,4.5,0,1,18,6,42,56.2,6,home,2013
Matt FlynnM. Flynn,20,10,139,7.0,0,1,56,7,37,51.9,10,away,2013
Matthew StaffordM. Stafford,35,22,330,9.4,3,2,36,1,10,98.5,40,home,2013
Matt McGloinM. McGloin,30,18,255,8.5,0,1,35,0,0,73.6,24,away,2013
Tony RomoT. Romo,32,23,225,7.0,1,0,25,2,17,101.7,31,home,2013
Ben RoethlisbergerB. Roethlisberger,44,28,257,5.8,2,0,29,0,0,94.6,20,away,2013
Joe FlaccoJ. Flacco,35,24,251,7.2,1,0,54,2,14,98.6,22,home,2013
Ryan FitzpatrickR. Fitzpatrick,37,21,201,5.4,1,3,35,1,16,47.2,14,away,2013
Andrew LuckA. Luck,32,17,200,6.2,0,1,23,5,40,59.4,22,home,2013
Peyton ManningP. Manning,35,22,403,11.5,5,2,77,0,0,118.2,35,away,2013
Alex SmithA. Smith,42,26,293,7.0,2,1,28,0,0,88.7,28,home,2013
Ryan TannehillR. Tannehill,43,28,331,7.7,2,1,31t,1,3,94.2,23,away,2013
Matt SimmsM. Simms,18,9,79,4.4,0,1,20,3,22,38.9,3,home,2013
Geno SmithG. Smith,10,4,29,2.9,0,1,12,1,8,8.3,3,home,2013
Mike GlennonM. Glennon,21,14,180,8.6,0,1,60,5,40,73.5,6,away,2013
Cam NewtonC. Newton,29,18,263,9.1,2,2,36t,0,0,85.8,27,home,2013
Carson PalmerC. Palmer,41,24,302,7.4,3,2,43t,5,42,85.6,21,away,2013
Nick FolesN. Foles,34,21,237,7.0,3,0,25,5,35,112.0,24,home,2013
Chad HenneC. Henne,40,22,195,4.9,2,1,25,2,1,74.5,32,away,2013
Maurice Jones-DrewM. Jones-Drew,1,1,8,8.0,1,0,8t,0,0,139.6,32,away,2013
Brandon WeedenB. Weeden,40,24,370,9.2,3,2,95t,3,28,94.8,28,home,2013
Josh McCownJ. McCown,36,23,355,9.9,2,0,80t,4,10,114.9,20,away,2013
Matt CasselM. Cassel,33,20,243,7.4,1,1,24,2,9,80.7,23,home,2013
Christian PonderC. Ponder,8,3,40,5.0,0,0,32,3,24,54.2,23,home,2013
Matt RyanM. Ryan,47,28,311,6.6,1,0,29,6,39,86.4,34,away,2013
E.J. ManuelE. Manuel,32,18,210,6.6,1,0,33,0,0,86.7,31,home,2013
Kellen ClemensK. Clemens,37,19,218,5.9,1,1,29,3,20,67.2,13,away,2013
Tavon AustinT. Austin,1,0,0,0.0,0,0,0,0,0,39.6,13,away,2013
Colin KaepernickC. Kaepernick,28,19,275,9.8,1,0,60,4,20,111.5,23,home,2013
Andy DaltonA. Dalton,23,14,190,8.3,1,1,50,0,0,83.6,17,away,2013
Philip RiversP. Rivers,37,23,252,6.8,1,1,30t,2,9,80.0,10,home,2013
Tom BradyT. Brady,41,29,371,9.0,2,1,50,1,6,104.8,34,away,2013
Case KeenumC. Keenum,30,15,272,9.1,0,1,66,1,8,67.6,31,home,2013
Eli ManningE. Manning,28,22,235,8.4,1,1,22t,3,29,98.7,24,away,2013
Robert Griffin IIIR. Griffin,32,24,207,6.5,1,0,20,5,23,102.0,17,home,2013
Drew BreesD. Brees,38,23,147,3.9,1,0,20,1,3,77.4,7,away,2013
Russell WilsonR. Wilson,30,22,310,10.3,3,0,60,1,8,139.6,34,home,2013
Matt SchaubM. Schaub,29,17,198,6.8,1,1,46,2,28,76.5,20,away,2013
Case KeenumC. Keenum,29,16,159,5.5,1,1,27,1,6,68.0,20,away,2013
Chad HenneC. Henne,27,12,117,4.3,2,0,41,1,6,81.9,27,home,2013
Ace SandersA. Sanders,1,1,21,21.0,1,0,21t,0,0,158.3,27,home,2013
Ryan TannehillR. Tannehill,33,20,200,6.1,3,1,40,2,14,95.5,34,away,2013
Ben RoethlisbergerB. Roethlisberger,39,23,349,8.9,3,0,67,3,21,114.2,28,home,2013
E.J. ManuelE. Manuel,33,18,184,5.6,0,4,33,7,37,31.2,6,away,2013
Mike GlennonM. Glennon,25,9,90,3.6,2,2,38t,1,9,40.4,27,home,2013
Matt McGloinM. McGloin,31,18,245,7.9,2,1,48t,3,32,91.5,27,away,2013
Terrelle PryorT. Pryor,5,2,20,4.0,0,0,11,0,0,52.1,27,away,2013
Geno SmithG. Smith,25,16,219,8.8,1,1,32,1,10,88.6,37,home,2013
Alex SmithA. Smith,20,14,137,6.8,2,0,22t,0,0,122.3,45,away,2013
Chase DanielC. Daniel,3,1,17,5.7,0,1,17,0,0,13.9,45,away,2013
Robert Griffin IIIR. Griffin,26,12,164,6.3,1,1,30,5,16,63.6,10,home,2013
Kirk CousinsK. Cousins,16,7,59,3.7,0,0,15,1,15,53.9,10,home,2013
Jason CampbellJ. Campbell,44,29,391,8.9,3,0,80t,1,5,116.8,26,away,2013
Tom BradyT. Brady,52,32,418,8.0,2,1,50,4,21,91.7,27,home,2013
Matt CasselM. Cassel,38,17,265,7.0,2,0,79t,0,0,86.0,26,away,2013
Joe FlaccoJ. Flacco,50,28,245,4.9,3,3,35,2,17,64.2,29,home,2013
Andrew LuckA. Luck,46,29,326,7.1,4,0,69t,0,0,113.1,28,away,2013
Andy DaltonA. Dalton,35,24,275,7.9,3,0,29t,0,0,120.5,42,home,2013
Cam NewtonC. Newton,34,22,160,4.7,1,0,17t,5,49,85.4,13,away,2013
Drew BreesD. Brees,42,30,313,7.5,4,0,22,2,9,124.4,31,home,2013
Matthew StaffordM. Stafford,25,10,151,6.0,0,0,33,0,0,60.6,20,away,2013
Nick FolesN. Foles,22,11,179,8.1,1,1,44,0,0,73.9,34,home,2013
Ryan FitzpatrickR. Fitzpatrick,24,13,172,7.2,1,1,57,2,14,73.6,28,away,2013
Peyton ManningP. Manning,59,39,397,6.7,4,0,38,0,0,107.8,51,home,2013
Russell WilsonR. Wilson,25,15,199,8.0,1,1,39t,2,21,81.9,17,away,2013
Colin KaepernickC. Kaepernick,29,15,175,6.0,1,1,27,2,20,67.5,19,home,2013
Kellen ClemensK. Clemens,27,16,181,6.7,0,2,31,4,24,48.5,10,away,2013
Carson PalmerC. Palmer,32,27,269,8.4,1,0,32,1,7,112.1,30,home,2013
Eli ManningE. Manning,32,20,259,8.1,1,2,51,2,18,72.3,14,away,2013
Philip RiversP. Rivers,28,21,249,8.9,3,0,43t,2,5,137.4,37,home,2013
Matt RyanM. Ryan,35,20,206,5.9,2,1,36t,1,4,81.4,21,away,2013
Matt FlynnM. Flynn,32,24,258,8.1,1,1,46,5,36,95.6,22,home,2013
Philip RiversP. Rivers,20,12,166,8.3,2,0,32,2,6,120.0,27,away,2013
Peyton ManningP. Manning,41,27,289,7.0,2,1,22,1,12,92.4,20,home,2013
E.J. ManuelE. Manuel,24,17,193,8.0,2,1,28,4,25,105.0,27,away,2013
Chad HenneC. Henne,36,21,237,6.6,2,2,30,5,42,73.5,20,home,2013
Kirk CousinsK. Cousins,45,29,381,8.5,3,2,62,1,8,94.8,26,away,2013
Matt RyanM. Ryan,38,29,210,5.5,1,1,19,3,21,86.5,27,home,2013
Case KeenumC. Keenum,34,18,168,4.9,0,2,39,4,36,42.3,3,away,2013
Andrew LuckA. Luck,32,19,180,5.6,2,1,41,1,1,82.8,25,home,2013
Jay CutlerJ. Cutler,31,22,265,8.5,3,2,45t,2,4,102.2,38,away,2013
Jason CampbellJ. Campbell,39,23,273,7.0,1,2,44,0,0,67.6,31,home,2013
Russell WilsonR. Wilson,27,18,206,7.6,1,1,30,4,29,86.3,23,away,2013
Tarvaris JacksonT. Jackson,2,2,16,8.0,0,0,15,0,0,100.0,23,away,2013
Eli ManningE. Manning,31,18,156,5.0,0,5,20,3,24,31.9,0,home,2013
Curtis PainterC. Painter,4,4,30,7.5,0,0,9,1,6,97.9,0,home,2013
Drew BreesD. Brees,56,39,393,7.0,1,2,30,4,22,80.4,16,away,2013
Kellen ClemensK. Clemens,20,14,158,7.9,2,0,31t,0,0,126.7,27,home,2013
Nick FolesN. Foles,48,30,428,8.9,3,1,51,4,32,103.5,30,away,2013
Matt CasselM. Cassel,35,26,382,10.9,2,1,57t,3,12,116.6,48,home,2013
Colin KaepernickC. Kaepernick,29,19,203,7.0,2,0,52t,2,14,108.8,33,away,2013
Mike GlennonM. Glennon,34,18,179,5.3,2,1,26,4,35,75.5,14,home,2013
Tom BradyT. Brady,55,34,364,6.6,2,1,30,1,7,85.7,20,away,2013
Ryan TannehillR. Tannehill,37,25,312,8.4,3,0,39t,4,23,120.6,24,home,2013
Carson PalmerC. Palmer,30,20,231,7.7,1,0,38,2,16,100.8,37,away,2013
Ryan FitzpatrickR. Fitzpatrick,58,36,402,6.9,4,2,33,3,8,91.3,34,home,2013
Geno SmithG. Smith,28,15,167,6.0,1,1,35,4,27,68.6,20,away,2013
Cam NewtonC. Newton,24,16,273,11.4,1,0,72t,2,12,118.9,30,home,2013
Alex SmithA. Smith,20,17,287,14.3,5,0,71t,2,12,158.3,56,away,2013
Chase DanielC. Daniel,5,3,31,6.2,0,0,18,0,0,77.9,56,away,2013
Matt McGloinM. McGloin,35,18,297,8.5,2,4,52,0,0,59.8,31,home,2013
Terrelle PryorT. Pryor,5,1,12,2.4,0,1,12,0,0,0.0,31,home,2013
Marcel ReeceM. Reece,1,1,22,22.0,0,0,22,0,0,118.8,31,home,2013
Matt FlynnM. Flynn,39,26,299,7.7,4,1,39,2,16,113.1,37,away,2013
Tony RomoT. Romo,48,29,358,7.5,2,2,37,3,26,80.0,36,home,2013
Andy DaltonA. Dalton,44,25,230,5.2,2,0,19,1,8,86.4,20,away,2013
Ben RoethlisbergerB. Roethlisberger,25,20,191,7.6,1,1,21,1,7,95.2,30,home,2013
Mike GlennonM. Glennon,26,16,158,6.1,0,0,30,7,47,78.7,13,away,2013
Kellen ClemensK. Clemens,20,16,158,7.9,0,0,28,1,10,99.6,23,home,2013
Ryan FitzpatrickR. Fitzpatrick,26,17,181,7.0,1,1,30t,3,17,82.4,20,away,2013
Chad HenneC. Henne,34,24,237,7.0,2,1,30,2,11,97.3,16,home,2013
Tony RomoT. Romo,27,17,226,8.4,2,1,51,2,12,98.7,24,away,2013
Kirk CousinsK. Cousins,36,21,197,5.5,1,1,28,0,0,71.2,23,home,2013
Peyton ManningP. Manning,51,32,400,7.8,4,0,36t,1,3,113.2,37,away,2013
Matt SchaubM. Schaub,37,18,176,4.8,1,2,40,3,23,48.9,13,home,2013
Drew BreesD. Brees,44,30,281,6.4,1,2,46,6,42,74.1,13,away,2013
Luke McCownL. McCown,1,0,0,0.0,0,0,0,0,0,39.6,13,away,2013
Cam NewtonC. Newton,22,13,181,8.2,1,1,44,4,40,81.8,17,home,2013
Matt CasselM. Cassel,27,13,114,4.2,1,3,36t,4,20,32.6,14,away,2013
Andy DaltonA. Dalton,38,27,363,9.6,4,0,41,2,18,136.2,42,home,2013
Ryan TannehillR. Tannehill,27,10,82,3.0,0,0,13,7,46,45.6,0,away,2013
Matt MooreM. Moore,6,2,53,8.8,0,2,50,0,0,27.1,0,away,2013
Thaddeus LewisT. Lewis,25,15,193,7.7,0,1,57,1,6,67.6,19,home,2013
Andrew LuckA. Luck,37,26,241,6.5,1,0,33t,1,9,96.8,23,away,2013
Alex SmithA. Smith,28,16,153,5.5,0,1,19,5,21,57.6,7,home,2013
Jason CampbellJ. Campbell,40,18,178,4.5,0,2,24,3,10,37.3,13,away,2013
Geno SmithG. Smith,36,20,214,5.9,2,0,22,0,0,91.7,24,home,2013
Josh BushJ. Bush,1,0,0,0.0,0,0,0,0,0,39.6,24,home,2013
Jay CutlerJ. Cutler,35,20,222,6.3,1,1,30,5,46,73.8,11,away,2013
Josh McCownJ. McCown,4,2,20,5.0,0,0,12,0,0,64.6,11,away,2013
Nick FolesN. Foles,25,21,230,9.2,2,0,32,2,5,131.7,54,home,2013
Eli ManningE. Manning,42,23,256,6.1,1,1,26,2,18,71.1,23,away,2013
Matthew StaffordM. Stafford,42,25,222,5.3,0,2,17,2,15,53.9,20,home,2013
Carson PalmerC. Palmer,25,13,178,7.1,1,4,63,2,10,48.8,17,away,2013
Russell WilsonR. Wilson,27,11,108,4.0,1,1,28,4,19,49.6,10,home,2013
Ben RoethlisbergerB. Roethlisberger,28,16,167,6.0,2,1,36,1,5,83.5,38,away,2013
Mat McBriarM. McBriar,1,1,30,30.0,0,0,30,0,0,118.8,38,away,2013
Matt FlynnM. Flynn,39,21,232,5.9,1,1,31,3,13,69.6,31,home,2013
Matt McGloinM. McGloin,36,20,206,5.7,0,1,37,1,0,60.6,13,away,2013
Philip RiversP. Rivers,29,19,201,6.9,1,1,24,1,5,82.7,26,home,2013
Tom BradyT. Brady,26,14,172,6.6,1,0,34,2,14,87.3,41,away,2013
Joe FlaccoJ. Flacco,38,22,260,6.8,0,2,42,4,25,56.9,7,home,2013
Tyrod TaylorT. Taylor,4,1,2,0.5,0,1,2,0,0,0.0,7,home,2013
Matt RyanM. Ryan,48,37,348,7.2,2,2,59,1,7,93.1,24,away,2013
Colin KaepernickC. Kaepernick,21,13,197,9.4,1,0,47,3,17,108.6,34,home,2013
Geno SmithG. Smith,27,17,190,7.0,0,0,34,0,0,83.9,20,away,2013
Bilal PowellB. Powell,1,1,30,30.0,0,0,30,0,0,118.8,20,away,2013
Ryan TannehillR. Tannehill,40,20,204,5.1,1,3,25,0,0,42.1,7,home,2013
Kirk CousinsK. Cousins,49,19,169,3.4,0,2,21,3,9,31.8,6,away,2013
Eli ManningE. Manning,24,10,152,6.3,1,1,35,1,7,59.7,20,home,2013
Curtis PainterC. Painter,8,2,11,1.4,0,1,8,0,0,0.0,20,home,2013
Chad HenneC. Henne,51,30,331,6.5,1,1,36,3,23,76.5,10,away,2013
Andrew LuckA. Luck,37,26,282,7.6,1,0,41,1,8,101.4,30,home,2013
Matt HasselbeckM. Hasselbeck,4,3,25,6.2,0,0,10,0,0,90.6,30,home,2013
Jason CampbellJ. Campbell,41,23,240,5.9,1,1,35t,3,19,71.2,7,away,2013
Ben RoethlisbergerB. Roethlisberger,31,19,179,5.8,1,2,24,1,7,61.1,20,home,2013
Nick FolesN. Foles,26,17,263,10.1,2,0,35,5,34,124.4,24,away,2013
Brad SmithB. Smith,1,0,0,0.0,0,0,0,0,0,39.6,24,away,2013
Kyle OrtonK. Orton,46,30,358,7.8,2,2,39,0,0,85.2,22,home,2013
Matt SchaubM. Schaub,34,22,229,6.7,0,2,31,1,6,59.6,10,away,2013
Ryan FitzpatrickR. Fitzpatrick,24,15,166,6.9,0,1,34,1,6,65.6,16,home,2013
Joe FlaccoJ. Flacco,50,30,192,3.8,1,3,14,2,17,49.8,17,away,2013
Andy DaltonA. Dalton,36,21,281,7.8,2,4,53t,0,0,62.2,34,home,2013
Mike GlennonM. Glennon,41,22,219,5.3,2,1,48t,2,4,75.2,17,away,2013
Michael KoenenM. Koenen,1,0,0,0.0,0,0,0,0,0,39.6,17,away,2013
Drew BreesD. Brees,31,24,381,12.3,4,0,76t,1,11,157.4,42,home,2013
Aaron RodgersA. Rodgers,39,25,318,8.2,2,2,48t,3,5,85.2,33,away,2013
Jay CutlerJ. Cutler,24,15,226,9.4,2,1,67,1,2,103.8,28,home,2013
Thaddeus LewisT. Lewis,29,16,247,8.5,1,0,41,4,23,95.0,20,away,2013
Tom BradyT. Brady,24,14,122,5.1,1,1,22,1,7,68.4,34,home,2013
Cam NewtonC. Newton,27,15,149,5.5,2,1,56,1,0,80.6,21,away,2013
Matt RyanM. Ryan,40,28,280,7.0,2,1,39t,9,49,95.8,20,home,2013
Matthew StaffordM. Stafford,33,22,217,6.6,1,0,32,5,35,95.1,13,away,2013
Matt CasselM. Cassel,33,20,189,5.7,1,1,23,3,18,73.9,14,home,2013
Kellen ClemensK. Clemens,30,21,157,5.2,1,2,21,2,12,65.6,9,away,2013
Russell WilsonR. Wilson,23,15,172,7.5,1,0,47t,4,14,102.1,27,home,2013
Chase DanielC. Daniel,30,21,200,6.7,1,0,48,2,11,99.3,24,away,2013
Philip RiversP. Rivers,33,22,229,6.9,3,1,38,3,10,104.2,27,home,2013
Colin KaepernickC. Kaepernick,34,21,310,9.1,2,0,63,2,18,111.2,23,away,2013
Carson PalmerC. Palmer,49,28,407,8.3,2,1,49,1,8,89.4,20,home,2013
Peyton ManningP. Manning,28,25,266,9.5,4,0,63t,1,9,145.8,34,away,2013
Brock OsweilerB. Osweiler,13,9,85,6.5,0,0,19,2,8,87.0,34,away,2013
Terrelle PryorT. Pryor,38,21,207,5.4,2,0,24,2,16,88.4,14,home,2013
