qb,att,cmp,yds,ypa,td,int,lg,sack,loss,rate,game_points,home_away,year
Kerry CollinsK. Collins,35,22,244.0,7.0,1,1,57,1.0,10.0,81.1,10,away,2009
Ben RoethlisbergerB. Roethlisberger,43,33,363.0,8.4,1,2,34t,4.0,42.0,89.6,13,home,2009
Chad PenningtonC. Pennington,29,21,176.0,6.1,1,1,21,4.0,13.0,84.8,7,away,2009
Pat WhiteP. White,1,0,0.0,0.0,0,0,0,0.0,0.0,39.6,7,away,2009
Matt RyanM. Ryan,36,22,229.0,6.4,2,0,22,2.0,16.0,98.0,19,home,2009
Kyle OrtonK. Orton,28,17,243.0,8.7,1,0,87t,3.0,16.0,100.7,12,away,2009
Carson PalmerC. Palmer,33,21,247.0,7.5,0,2,34,3.0,26.0,61.0,7,home,2009
Brett FavreB. Favre,21,14,110.0,5.2,1,0,21,4.0,25.0,95.3,34,away,2009
Tarvaris JacksonT. Jackson,1,0,0.0,0.0,0,0,0,0.0,0.0,39.6,34,away,2009
Brady QuinnB. Quinn,35,21,205.0,5.9,1,1,26t,5.0,26.0,74.1,20,home,2009
David GarrardD. Garrard,28,14,122.0,4.4,0,0,26,1.0,8.0,61.9,12,away,2009
Peyton ManningP. Manning,38,28,301.0,7.9,1,1,39,1.0,7.0,94.3,14,home,2009
Matthew StaffordM. Stafford,37,16,205.0,5.5,0,3,64,1.0,7.0,27.4,27,away,2009
Drew BreesD. Brees,34,26,358.0,10.5,6,1,58t,0.0,0.0,137.0,45,home,2009
Tony RomoT. Romo,27,16,353.0,13.1,3,0,80t,1.0,9.0,140.6,34,away,2009
Byron LeftwichB. Leftwich,41,25,276.0,6.7,1,0,47,0.0,0.0,89.1,21,home,2009
Michael ClaytonM. Clayton,1,0,0.0,0.0,0,0,0,0.0,0.0,39.6,21,home,2009
Donovan McNabbD. McNabb,18,10,79.0,4.4,2,1,18,0.0,0.0,80.6,38,away,2009
Kevin KolbK. Kolb,11,7,23.0,2.1,0,0,6,2.0,20.0,67.6,38,away,2009
Jake DelhommeJ. Delhomme,17,7,73.0,4.3,0,4,20,3.0,39.0,14.7,10,home,2009
Matt MooreM. Moore,11,6,63.0,5.7,0,1,19,1.0,10.0,33.5,10,home,2009
Josh McCownJ. McCown,6,1,2.0,0.3,0,0,2,1.0,6.0,39.6,10,home,2009
Brodie CroyleB. Croyle,24,16,177.0,7.4,2,0,50,3.0,18.0,116.1,24,away,2009
Joe FlaccoJ. Flacco,43,26,307.0,7.1,3,1,31t,1.0,4.0,95.8,38,home,2009
Mark SanchezM. Sanchez,31,18,272.0,8.8,1,1,40,0.0,0.0,84.3,24,away,2009
Matt SchaubM. Schaub,33,18,166.0,5.0,0,1,27,2.0,21.0,55.9,7,home,2009
Jason CampbellJ. Campbell,26,19,211.0,8.1,1,1,35,2.0,13.0,93.6,17,away,2009
Antwaan Randle ElA. Randle El,0,0,0.0,0.0,0,0,0,1.0,11.0,0.0,17,away,2009
Eli ManningE. Manning,29,20,256.0,8.8,1,1,30t,1.0,8.0,93.5,23,home,2009
Shaun HillS. Hill,31,18,209.0,6.7,1,0,50,4.0,27.0,89.3,20,away,2009
Kurt WarnerK. Warner,44,26,288.0,6.5,1,2,40,3.0,29.0,67.2,16,home,2009
Marc BulgerM. Bulger,36,17,191.0,5.3,0,0,45,3.0,21.0,63.5,0,away,2009
Matt HasselbeckM. Hasselbeck,36,25,279.0,7.8,3,2,38,0.0,0.0,96.9,28,home,2009
Jay CutlerJ. Cutler,36,17,277.0,7.7,1,4,68,2.0,11.0,43.2,15,away,2009
Aaron RodgersA. Rodgers,28,17,184.0,6.6,1,0,50t,4.0,34.0,92.0,21,home,2009
Trent EdwardsT. Edwards,25,15,212.0,8.5,2,0,30,4.0,26.0,114.1,24,away,2009
Tom BradyT. Brady,53,39,378.0,7.1,2,1,31,1.0,10.0,97.8,25,home,2009
Philip RiversP. Rivers,36,24,252.0,7.0,1,1,25,3.0,12.0,84.5,24,away,2009
JaMarcus RussellJ. Russell,30,12,208.0,6.9,1,2,57t,1.0,7.0,47.6,20,home,2009
Bruce GradkowskiB. Gradkowski,2,2,17.0,8.5,0,0,12,0.0,0.0,102.1,20,home,2009
Jake DelhommeJ. Delhomme,41,25,308.0,7.5,1,1,32,1.0,12.0,82.2,20,away,2009
Matt RyanM. Ryan,27,21,220.0,8.1,3,1,27,0.0,0.0,122.2,28,home,2009
Brett FavreB. Favre,27,23,155.0,5.7,2,0,13,3.0,16.0,115.3,27,away,2009
Tarvaris JacksonT. Jackson,1,1,14.0,14.0,0,0,14,0.0,0.0,118.8,27,away,2009
Matthew StaffordM. Stafford,30,18,152.0,5.1,1,2,22,2.0,16.0,56.5,13,home,2009
Carson PalmerC. Palmer,23,15,185.0,8.0,3,2,44,2.0,17.0,93.3,31,away,2009
Aaron RodgersA. Rodgers,39,21,261.0,6.7,1,0,26,6.0,39.0,83.4,24,home,2009
Matt SchaubM. Schaub,39,25,357.0,9.2,4,0,72t,0.0,0.0,127.8,34,away,2009
Kerry CollinsK. Collins,33,21,216.0,6.5,2,1,69t,2.0,7.0,90.0,31,home,2009
JaMarcus RussellJ. Russell,24,7,109.0,4.5,0,0,28,2.0,10.0,46.0,13,away,2009
Matt CasselM. Cassel,39,24,241.0,6.2,1,2,29t,2.0,5.0,66.3,10,home,2009
Tom BradyT. Brady,47,23,216.0,4.6,0,1,29,0.0,0.0,53.1,9,away,2009
Mark SanchezM. Sanchez,22,14,163.0,7.4,1,0,45,2.0,26.0,101.1,16,home,2009
Drew BreesD. Brees,34,25,311.0,9.1,3,1,38,2.0,23.0,118.6,48,away,2009
Kevin KolbK. Kolb,51,31,391.0,7.7,2,3,71t,1.0,7.0,73.2,22,home,2009
Brian WestbrookB. Westbrook,1,0,0.0,0.0,0,0,0,0.0,0.0,39.6,22,home,2009
Marc BulgerM. Bulger,28,15,125.0,4.5,1,0,25,1.0,6.0,77.2,7,away,2009
Jason CampbellJ. Campbell,35,23,242.0,6.9,0,0,25,1.0,5.0,85.7,9,home,2009
Clinton PortisC. Portis,1,0,0.0,0.0,0,0,0,0.0,0.0,39.6,9,home,2009
Kurt WarnerK. Warner,26,24,243.0,9.3,2,0,22t,0.0,0.0,131.2,31,away,2009
Matt LeinartM. Leinart,6,3,22.0,3.7,0,0,17,0.0,0.0,59.0,31,away,2009
David GarrardD. Garrard,43,23,282.0,6.6,2,1,34,4.0,7.0,79.8,17,home,2009
Seneca WallaceS. Wallace,23,15,127.0,5.5,1,1,22,0.0,0.0,75.8,10,away,2009
Matt HasselbeckM. Hasselbeck,18,10,97.0,5.4,0,0,21,1.0,7.0,70.8,10,away,2009
Shaun HillS. Hill,26,19,144.0,5.5,0,0,17,4.0,21.0,86.1,23,home,2009
Micheal SpurlockM. Spurlock,1,0,0.0,0.0,0,0,0,0.0,0.0,39.6,23,home,2009
Byron LeftwichB. Leftwich,50,26,296.0,5.9,3,2,42t,2.0,0.0,73.4,20,away,2009
Trent EdwardsT. Edwards,31,21,230.0,7.4,2,1,43t,2.0,10.0,97.5,33,home,2009
Ben RoethlisbergerB. Roethlisberger,35,23,221.0,6.3,1,1,24,2.0,18.0,80.8,14,away,2009
Jay CutlerJ. Cutler,38,27,236.0,6.2,2,0,29,2.0,5.0,104.7,17,home,2009
Joe FlaccoJ. Flacco,26,17,190.0,7.3,2,1,27t,1.0,9.0,96.6,31,away,2009
Mark ClaytonM. Clayton,1,1,0.0,0.0,0,0,0,0.0,0.0,79.2,31,away,2009
Philip RiversP. Rivers,45,25,436.0,9.7,2,2,81t,2.0,15.0,85.0,26,home,2009
Brady QuinnB. Quinn,31,18,161.0,5.2,0,1,24,4.0,15.0,58.7,6,away,2009
Kyle OrtonK. Orton,37,19,263.0,7.1,1,0,49,0.0,0.0,83.5,27,home,2009
Peyton ManningP. Manning,23,14,303.0,13.2,2,0,80t,1.0,8.0,133.9,27,away,2009
Chad PenningtonC. Pennington,33,22,183.0,5.5,0,1,21,2.0,19.0,68.1,23,home,2009
Ben RoethlisbergerB. Roethlisberger,31,22,276.0,8.9,1,1,51,1.0,5.0,95.6,20,away,2009
Carson PalmerC. Palmer,37,20,183.0,4.9,1,0,21,2.0,10.0,76.7,23,home,2009
Jason CampbellJ. Campbell,41,27,340.0,8.3,2,1,57t,2.0,15.0,97.6,14,away,2009
Matthew StaffordM. Stafford,36,21,241.0,6.7,1,0,24,2.0,14.0,87.8,19,home,2009
Matt CasselM. Cassel,18,14,90.0,5.0,2,0,13t,3.0,19.0,124.5,14,away,2009
Mark BradleyM. Bradley,1,1,26.0,26.0,0,0,26,0.0,0.0,118.8,14,away,2009
Kevin KolbK. Kolb,34,24,327.0,9.6,2,0,64t,0.0,0.0,120.6,34,home,2009
Michael VickM. Vick,2,0,0.0,0.0,0,0,0,0.0,0.0,39.6,34,home,2009
Aaron RodgersA. Rodgers,23,13,269.0,11.7,2,0,53,2.0,19.0,126.9,36,away,2009
Kyle BollerK. Boller,31,16,164.0,5.3,2,1,20,0.0,0.0,75.2,17,home,2009
Marc BulgerM. Bulger,4,3,23.0,5.8,0,0,13,1.0,0.0,88.5,17,home,2009
Shaun HillS. Hill,25,15,195.0,7.8,2,1,31,1.0,7.0,94.6,24,away,2009
Brett FavreB. Favre,46,24,301.0,6.5,2,1,36,2.0,18.0,78.3,27,home,2009
Matt RyanM. Ryan,28,17,199.0,7.1,0,0,26,0.0,0.0,82.3,10,away,2009
Tom BradyT. Brady,42,25,277.0,6.6,1,0,36t,0.0,0.0,87.1,26,home,2009
Eli ManningE. Manning,24,14,161.0,6.7,2,0,24,0.0,0.0,106.4,24,away,2009
David CarrD. Carr,3,2,10.0,3.3,0,0,7,0.0,0.0,71.5,24,away,2009
Byron LeftwichB. Leftwich,16,7,22.0,1.4,0,1,7,0.0,0.0,25.0,0,home,2009
Josh JohnsonJ. Johnson,10,4,36.0,3.6,0,0,15,0.0,0.0,50.4,0,home,2009
Derek AndersonD. Anderson,19,11,92.0,4.8,0,3,22,1.0,6.0,30.9,3,away,2009
Brady QuinnB. Quinn,8,6,34.0,4.2,0,1,12,1.0,5.0,42.7,3,away,2009
Joe FlaccoJ. Flacco,35,25,342.0,9.8,1,0,72t,1.0,9.0,111.8,34,home,2009
Troy SmithT. Smith,2,1,4.0,2.0,0,0,4,0.0,0.0,56.2,34,home,2009
David GarrardD. Garrard,30,18,214.0,7.1,0,0,28,0.0,0.0,81.8,31,away,2009
Matt SchaubM. Schaub,35,26,300.0,8.6,3,1,25,2.0,14.0,116.4,24,home,2009
Jay CutlerJ. Cutler,27,21,247.0,9.1,3,1,36t,2.0,14.0,126.4,25,away,2009
Seneca WallaceS. Wallace,44,26,261.0,5.9,1,1,39t,3.0,18.0,74.1,19,home,2009
Drew BreesD. Brees,29,16,172.0,5.9,0,0,32,2.0,16.0,72.8,27,away,2009
Trent EdwardsT. Edwards,35,20,156.0,4.5,0,1,18,4.0,27.0,56.4,7,home,2009
Brian MoormanB. Moorman,1,1,25.0,25.0,1,0,25t,0.0,0.0,158.3,7,home,2009
Kyle OrtonK. Orton,23,13,157.0,6.8,1,0,24,0.0,0.0,92.1,23,away,2009
JaMarcus RussellJ. Russell,21,12,61.0,2.9,0,2,18,3.0,19.0,22.6,3,home,2009
Kerry CollinsK. Collins,37,15,170.0,4.6,1,2,27,2.0,11.0,41.5,17,away,2009
Mark SanchezM. Sanchez,30,17,171.0,5.7,2,1,46,3.0,25.0,81.4,24,home,2009
Chad HenneC. Henne,19,10,92.0,4.8,0,1,27,1.0,6.0,44.2,13,away,2009
Chad PenningtonC. Pennington,12,8,54.0,4.5,0,0,14,0.0,0.0,76.4,13,away,2009
Philip RiversP. Rivers,33,18,303.0,9.2,0,0,55,2.0,17.0,85.8,23,home,2009
Peyton ManningP. Manning,35,24,379.0,10.8,4,1,72,0.0,0.0,130.5,31,away,2009
Kurt WarnerK. Warner,52,30,332.0,6.4,1,2,25,4.0,40.0,67.1,10,home,2009
Matt LeinartM. Leinart,2,2,7.0,3.5,0,0,5,0.0,0.0,81.2,10,home,2009
Jake DelhommeJ. Delhomme,33,22,220.0,6.7,1,2,25t,3.0,22.0,70.3,7,away,2009
Tony RomoT. Romo,33,22,255.0,7.7,0,0,26,2.0,18.0,89.8,21,home,2009
Matthew StaffordM. Stafford,36,24,296.0,8.2,1,1,45,5.0,42.0,89.6,24,away,2009
Daunte CulpepperD. Culpepper,11,6,54.0,4.9,0,0,16,0.0,0.0,68.0,24,away,2009
Jay CutlerJ. Cutler,28,18,141.0,5.0,2,0,25,2.0,16.0,100.4,48,home,2009
Carson PalmerC. Palmer,44,23,230.0,5.2,2,1,27,2.0,9.0,73.1,23,away,2009
Derek AndersonD. Anderson,48,26,269.0,5.6,1,1,30,2.0,20.0,68.8,20,home,2009
Seneca WallaceS. Wallace,45,33,257.0,5.7,1,0,22,5.0,27.0,94.4,17,away,2009
Peyton ManningP. Manning,41,31,353.0,8.6,2,1,35,0.0,0.0,107.1,34,home,2009
Eli ManningE. Manning,34,20,292.0,8.6,3,1,54t,1.0,8.0,104.0,27,away,2009
David CarrD. Carr,2,0,0.0,0.0,0,0,0,1.0,11.0,39.6,27,away,2009
Matt CasselM. Cassel,32,15,127.0,4.0,2,0,43,5.0,39.0,78.5,16,home,2009
Joe FlaccoJ. Flacco,47,27,264.0,5.6,2,1,22,2.0,17.0,78.7,21,away,2009
Tom BradyT. Brady,32,21,258.0,8.1,1,0,34,3.0,24.0,100.8,27,home,2009
Josh JohnsonJ. Johnson,22,13,106.0,4.8,1,1,27,3.0,6.0,67.6,13,away,2009
Jason CampbellJ. Campbell,22,12,170.0,7.7,2,3,59t,3.0,18.0,70.5,16,home,2009
Kerry CollinsK. Collins,48,29,284.0,5.9,1,2,42,0.0,0.0,66.7,17,away,2009
David GarrardD. Garrard,37,27,323.0,8.7,3,0,33t,2.0,18.0,126.3,37,home,2009
JaMarcus RussellJ. Russell,33,12,128.0,3.9,0,0,19,3.0,8.0,48.5,6,away,2009
Matt SchaubM. Schaub,22,11,224.0,10.2,1,1,62,4.0,15.0,82.4,29,home,2009
Mark SanchezM. Sanchez,27,14,138.0,5.1,0,3,27,4.0,26.0,27.0,10,away,2009
Drew BreesD. Brees,32,20,190.0,5.9,0,0,36,0.0,0.0,78.9,24,home,2009
Trent EdwardsT. Edwards,26,14,192.0,7.4,1,3,39,6.0,32.0,51.0,10,away,2009
Chad HenneC. Henne,22,14,115.0,5.2,1,0,18,6.0,29.0,92.0,38,home,2009
Tony RomoT. Romo,42,25,255.0,6.1,0,1,53,5.0,14.0,67.1,10,away,2009
Kyle OrtonK. Orton,29,20,243.0,8.4,2,0,51t,3.0,22.0,117.5,17,home,2009
Kyle BollerK. Boller,24,13,108.0,4.5,0,1,22,5.0,26.0,48.6,0,away,2009
Shaun HillS. Hill,24,14,152.0,6.3,2,0,24t,4.0,20.0,104.9,35,home,2009
Philip RiversP. Rivers,36,21,254.0,7.1,3,0,30t,3.0,19.0,107.9,28,away,2009
Ben RoethlisbergerB. Roethlisberger,33,26,333.0,10.1,2,0,35,3.0,19.0,128.9,38,home,2009
Mewelde MooreM. Moore,1,1,6.0,6.0,1,0,6t,0.0,0.0,131.2,38,home,2009
Aaron RodgersA. Rodgers,37,26,384.0,10.4,2,1,62t,8.0,42.0,110.6,23,away,2009
Brett FavreB. Favre,31,24,271.0,8.7,3,0,43,0.0,0.0,135.3,30,home,2009
Sidney RiceS. Rice,1,0,0.0,0.0,0,0,0,0.0,0.0,39.6,30,home,2009
Derek AndersonD. Anderson,17,2,23.0,1.4,0,1,16,1.0,1.0,15.1,6,away,2009
Trent EdwardsT. Edwards,31,16,152.0,4.9,0,1,35,2.0,9.0,52.1,3,home,2009
Ben RoethlisbergerB. Roethlisberger,30,23,277.0,9.2,3,1,47t,3.0,15.0,123.9,28,away,2009
Daunte CulpepperD. Culpepper,37,23,282.0,7.6,1,1,27,7.0,57.0,83.4,20,home,2009
Tony RomoT. Romo,34,20,351.0,10.3,2,0,60t,1.0,3.0,113.7,26,away,2009
Matt CasselM. Cassel,41,23,253.0,6.2,2,0,25,4.0,21.0,90.8,20,home,2009
Brett FavreB. Favre,24,18,232.0,9.7,1,1,47,2.0,12.0,101.4,38,away,2009
Tarvaris JacksonT. Jackson,3,3,68.0,22.7,0,0,33,0.0,0.0,118.8,38,away,2009
Kyle BollerK. Boller,31,20,209.0,6.7,0,1,35,2.0,19.0,70.5,10,home,2009
Marc BulgerM. Bulger,7,7,88.0,12.6,1,0,27t,0.0,0.0,158.3,10,home,2009
JaMarcus RussellJ. Russell,13,8,100.0,7.7,0,0,29,6.0,36.0,85.4,7,away,2009
David CarrD. Carr,14,9,90.0,6.4,0,0,19,0.0,0.0,82.4,44,home,2009
Eli ManningE. Manning,10,8,173.0,17.3,2,0,55,0.0,0.0,158.3,44,home,2009
Josh JohnsonJ. Johnson,50,26,240.0,4.8,2,3,31,3.0,22.0,53.8,14,away,2009
Donovan McNabbD. McNabb,21,16,264.0,12.6,3,0,51t,3.0,16.0,157.2,33,home,2009
Michael VickM. Vick,3,1,1.0,0.3,0,0,1,0.0,0.0,42.4,33,home,2009
Jason CampbellJ. Campbell,23,17,145.0,6.3,1,0,23,5.0,21.0,104.4,17,away,2009
Jake DelhommeJ. Delhomme,25,16,181.0,7.2,1,1,22,3.0,19.0,82.3,20,home,2009
Carson PalmerC. Palmer,31,18,271.0,8.7,1,1,73,1.0,10.0,84.2,17,away,2009
Joe FlaccoJ. Flacco,31,22,186.0,6.0,1,2,48t,2.0,11.0,70.1,14,home,2009
Matt RyanM. Ryan,32,22,329.0,10.3,2,1,90t,0.0,0.0,110.0,45,away,2009
Shaun HillS. Hill,38,15,198.0,5.2,0,1,61,3.0,19.0,45.7,10,home,2009
David GarrardD. Garrard,31,18,188.0,6.1,0,0,28,4.0,26.0,75.7,0,away,2009
Luke McCownL. McCown,1,1,2.0,2.0,0,0,2,1.0,3.0,79.2,0,away,2009
Matt HasselbeckM. Hasselbeck,30,18,241.0,8.0,4,0,44t,1.0,5.0,125.1,41,home,2009
Matt SchaubM. Schaub,50,35,371.0,7.4,2,1,27,0.0,0.0,96.3,21,away,2009
Kurt WarnerK. Warner,38,26,302.0,7.9,2,0,26t,1.0,6.0,109.8,28,home,2009
Tom BradyT. Brady,33,19,215.0,6.5,2,0,36,1.0,6.0,97.4,17,away,2009
Kyle OrtonK. Orton,48,35,330.0,6.9,2,1,27,2.0,9.0,96.7,20,home,2009
Peyton ManningP. Manning,44,36,309.0,7.0,3,1,39t,0.0,0.0,109.2,31,away,2009
Kerry CollinsK. Collins,32,19,164.0,5.1,0,1,23,1.0,9.0,59.9,9,home,2009
Vince YoungV. Young,3,0,0.0,0.0,0,0,0,0.0,0.0,39.6,9,home,2009
Mark SanchezM. Sanchez,24,12,172.0,7.2,1,0,53,1.0,1.0,87.5,27,away,2009
Chad HenneC. Henne,26,20,241.0,9.3,2,0,59,0.0,0.0,130.4,31,home,2009
Ronnie BrownR. Brown,2,1,21.0,10.5,0,0,21,0.0,0.0,87.5,31,home,2009
Matt SchaubM. Schaub,40,28,392.0,9.8,4,1,59,2.0,7.0,124.2,28,away,2009
Carson PalmerC. Palmer,35,23,259.0,7.4,1,1,50,1.0,9.0,85.3,17,home,2009
Daunte CulpepperD. Culpepper,14,6,48.0,3.4,0,1,18,2.0,13.0,22.3,0,away,2009
Drew StantonD. Stanton,11,5,57.0,5.2,0,2,22,3.0,21.0,22.0,0,away,2009
Aaron RodgersA. Rodgers,37,29,358.0,9.7,2,1,47t,5.0,30.0,113.7,26,home,2009
Joe FlaccoJ. Flacco,43,28,385.0,9.0,2,0,63,3.0,18.0,109.2,31,away,2009
Brett FavreB. Favre,29,21,278.0,9.6,3,0,63,3.0,19.0,136.9,33,home,2009
Eli ManningE. Manning,31,14,178.0,5.7,1,1,58,1.0,9.0,61.0,27,away,2009
David CarrD. Carr,5,4,72.0,14.4,1,0,37t,1.0,0.0,158.3,27,away,2009
Drew BreesD. Brees,30,23,369.0,12.3,4,0,40,0.0,0.0,156.8,48,home,2009
Jake DelhommeJ. Delhomme,17,9,65.0,3.8,1,2,16,1.0,10.0,42.2,28,away,2009
Josh JohnsonJ. Johnson,17,11,147.0,8.6,0,1,29,4.0,26.0,67.5,21,home,2009
Matt CasselM. Cassel,31,16,186.0,6.0,0,0,32,5.0,28.0,70.1,14,away,2009
Jason CampbellJ. Campbell,16,9,89.0,5.6,0,1,25,1.0,6.0,46.1,6,home,2009
Todd CollinsT. Collins,14,6,75.0,5.4,0,0,42,2.0,11.0,60.1,6,home,2009
Marc BulgerM. Bulger,34,22,213.0,6.3,1,1,38,1.0,6.0,79.7,20,away,2009
David GarrardD. Garrard,43,30,335.0,7.8,0,2,41,3.0,9.0,73.3,23,home,2009
Derek AndersonD. Anderson,24,9,122.0,5.1,1,1,43,2.0,16.0,51.0,14,away,2009
Joshua CribbsJ. Cribbs,2,0,0.0,0.0,0,1,0,0.0,0.0,0.0,14,away,2009
Ben RoethlisbergerB. Roethlisberger,35,23,417.0,11.9,2,1,52t,3.0,14.0,113.6,27,home,2009
Kurt WarnerK. Warner,41,32,276.0,6.7,2,1,22,2.0,10.0,100.8,27,away,2009
Matt LeinartM. Leinart,2,2,16.0,8.0,0,0,11,0.0,0.0,100.0,27,away,2009
Matt HasselbeckM. Hasselbeck,29,10,112.0,3.9,0,1,26,5.0,40.0,32.5,3,home,2009
Jon RyanJ. Ryan,1,1,42.0,42.0,0,0,42,0.0,0.0,118.8,3,home,2009
Donovan McNabbD. McNabb,46,22,269.0,5.8,0,0,51,6.0,53.0,66.3,9,away,2009
JaMarcus RussellJ. Russell,28,17,224.0,8.0,1,2,86t,2.0,15.0,68.2,13,home,2009
Ryan FitzpatrickR. Fitzpatrick,25,10,116.0,4.6,1,1,37t,0.0,0.0,51.4,16,away,2009
Trent EdwardsT. Edwards,5,5,43.0,8.6,0,0,12,1.0,5.0,102.5,16,away,2009
Mark SanchezM. Sanchez,29,10,119.0,4.1,0,5,33,2.0,23.0,8.3,13,home,2009
Steve WeatherfordS. Weatherford,1,0,0.0,0.0,0,1,0,0.0,0.0,0.0,13,home,2009
Kerry CollinsK. Collins,12,2,-7.0,-0.6,0,1,15,0.0,0.0,4.9,0,away,2009
Vince YoungV. Young,2,0,0.0,0.0,0,1,0,0.0,0.0,0.0,0,away,2009
Tom BradyT. Brady,34,29,380.0,11.2,6,0,48,2.0,6.0,152.8,59,home,2009
Brian HoyerB. Hoyer,11,9,52.0,4.7,0,0,16,0.0,0.0,86.4,59,home,2009
Jay CutlerJ. Cutler,43,27,300.0,7.0,2,2,41,2.0,10.0,79.6,14,away,2009
Matt RyanM. Ryan,33,19,185.0,5.6,2,2,40t,0.0,0.0,68.4,21,home,2009
Kyle OrtonK. Orton,29,20,229.0,7.9,2,0,52,1.0,2.0,115.4,34,away,2009
Philip RiversP. Rivers,33,20,274.0,8.3,1,0,25,5.0,36.0,97.3,23,home,2009
Jay CutlerJ. Cutler,37,26,251.0,6.8,1,3,26,1.0,10.0,64.1,10,away,2009
Caleb HanieC. Hanie,2,1,3.0,1.5,0,0,3,0.0,0.0,56.2,10,away,2009
Carson PalmerC. Palmer,24,20,233.0,9.7,5,0,29,0.0,0.0,146.7,45,home,2009
Aaron RodgersA. Rodgers,20,15,246.0,12.3,3,0,71t,0.0,0.0,155.4,31,away,2009
Matt FlynnM. Flynn,2,1,12.0,6.0,0,0,12,0.0,0.0,68.8,31,away,2009
Derek AndersonD. Anderson,29,12,99.0,3.4,0,1,22,2.0,18.0,36.4,3,home,2009
Philip RiversP. Rivers,30,18,268.0,8.9,3,0,58t,0.0,0.0,122.6,37,away,2009
Matt CasselM. Cassel,25,10,97.0,3.9,1,3,24,5.0,18.0,25.3,7,home,2009
Matt GutierrezM. Gutierrez,1,1,3.0,3.0,0,0,3,0.0,0.0,79.2,7,home,2009
Alex SmithA. Smith,22,15,206.0,9.4,3,1,29t,0.0,0.0,118.6,21,away,2009
Shaun HillS. Hill,11,6,45.0,4.1,0,0,18,2.0,13.0,64.6,21,away,2009
Matt SchaubM. Schaub,30,20,264.0,8.8,2,0,44,2.0,18.0,116.5,24,home,2009
Peyton ManningP. Manning,34,23,235.0,6.9,3,0,27t,0.0,0.0,116.7,42,away,2009
Marc BulgerM. Bulger,26,14,140.0,5.4,0,2,50,3.0,23.0,37.3,6,home,2009
Brett FavreB. Favre,50,33,334.0,6.7,0,1,34,4.0,37.0,76.6,17,away,2009
Ben RoethlisbergerB. Roethlisberger,26,14,175.0,6.7,1,0,45,4.0,23.0,87.8,27,home,2009
Tom BradyT. Brady,32,23,308.0,9.6,3,2,54t,1.0,1.0,107.3,35,away,2009
Josh JohnsonJ. Johnson,26,9,156.0,6.0,1,3,35,1.0,5.0,29.2,7,home,2009
Josh FreemanJ. Freeman,4,2,16.0,4.0,0,0,13,2.0,16.0,60.4,7,home,2009
Ryan FitzpatrickR. Fitzpatrick,22,11,123.0,5.6,1,0,50,2.0,9.0,82.2,20,away,2009
Jake DelhommeJ. Delhomme,44,27,325.0,7.4,0,3,52,2.0,16.0,55.6,9,home,2009
Mark SanchezM. Sanchez,16,9,143.0,8.9,1,0,35t,1.0,12.0,107.0,38,away,2009
Bruce GradkowskiB. Gradkowski,19,10,97.0,5.1,0,0,28,2.0,8.0,67.2,0,home,2009
JaMarcus RussellJ. Russell,11,6,61.0,5.5,0,2,24,1.0,6.0,31.1,0,home,2009
Matt RyanM. Ryan,35,19,198.0,5.7,2,2,30t,4.0,24.0,66.1,21,away,2009
Tony RomoT. Romo,29,21,311.0,10.7,3,0,59t,2.0,12.0,141.6,37,home,2009
Drew BreesD. Brees,38,22,298.0,7.8,1,3,66,5.0,22.0,58.9,46,away,2009
Chad HenneC. Henne,36,18,211.0,5.9,0,2,67,2.0,14.0,45.0,34,home,2009
Ronnie BrownR. Brown,1,0,0.0,0.0,0,0,0,0.0,0.0,39.6,34,home,2009
Kurt WarnerK. Warner,36,20,231.0,6.4,1,1,44,2.0,15.0,72.8,24,away,2009
Eli ManningE. Manning,37,19,243.0,6.6,1,3,62t,3.0,23.0,47.5,17,home,2009
Donovan McNabbD. McNabb,25,15,156.0,6.2,1,0,57t,3.0,21.0,91.4,27,away,2009
Michael VickM. Vick,1,1,5.0,5.0,0,0,5,0.0,0.0,87.5,27,away,2009
Jason CampbellJ. Campbell,43,29,284.0,6.6,2,1,24,6.0,38.0,91.6,17,home,2009
Matt SchaubM. Schaub,34,25,268.0,7.9,0,2,36,1.0,11.0,71.7,31,away,2009
Ryan FitzpatrickR. Fitzpatrick,23,15,117.0,5.1,0,2,24,2.0,10.0,41.4,10,home,2009
Derek AndersonD. Anderson,17,6,76.0,4.5,0,2,23,1.0,11.0,10.5,6,away,2009
Brady QuinnB. Quinn,3,1,9.0,3.0,0,0,9,0.0,0.0,42.4,6,away,2009
Jay CutlerJ. Cutler,30,17,225.0,7.5,0,1,33,4.0,26.0,66.7,30,home,2009
Matt HasselbeckM. Hasselbeck,39,22,249.0,6.4,2,0,36,3.0,20.0,92.8,17,away,2009
Tony RomoT. Romo,36,21,256.0,7.1,3,0,36t,2.0,7.0,108.1,38,home,2009
Marc BulgerM. Bulger,35,17,176.0,5.0,0,1,27,0.0,0.0,51.6,17,away,2009
Josh BrownJ. Brown,1,1,36.0,36.0,1,0,36t,0.0,0.0,158.3,17,away,2009
Matthew StaffordM. Stafford,33,14,168.0,5.1,0,1,36,2.0,6.0,46.0,10,home,2009
Brett FavreB. Favre,28,17,244.0,8.7,4,0,51t,0.0,0.0,128.6,38,away,2009
Aaron RodgersA. Rodgers,41,26,287.0,7.0,3,0,42,6.0,29.0,108.5,26,home,2009
Matt FlynnM. Flynn,1,1,3.0,3.0,0,0,3,0.0,0.0,79.2,26,home,2009
Alex SmithA. Smith,32,19,198.0,6.2,1,1,27,4.0,16.0,74.7,14,away,2009
Peyton ManningP. Manning,48,31,347.0,7.2,0,0,40,3.0,20.0,86.0,18,home,2009
Joseph AddaiJ. Addai,1,1,22.0,22.0,1,0,22t,0.0,0.0,158.3,18,home,2009
Chad HenneC. Henne,21,12,112.0,5.3,1,0,28,5.0,51.0,87.8,30,away,2009
Ronnie BrownR. Brown,1,0,0.0,0.0,0,0,0,1.0,9.0,39.6,30,away,2009
Mark SanchezM. Sanchez,35,20,265.0,7.6,2,0,53,2.0,14.0,100.3,25,home,2009
Kyle OrtonK. Orton,37,23,152.0,4.1,0,0,23,2.0,18.0,71.0,7,away,2009
Joe FlaccoJ. Flacco,25,20,175.0,7.0,1,0,21,2.0,8.0,109.2,30,home,2009
David GarrardD. Garrard,27,14,139.0,5.1,0,2,25,3.0,22.0,35.9,13,away,2009
Luke McCownL. McCown,2,0,0.0,0.0,0,0,0,1.0,4.0,39.6,13,away,2009
Vince YoungV. Young,18,15,125.0,6.9,1,0,18,0.0,0.0,114.1,30,home,2009
JaMarcus RussellJ. Russell,22,14,109.0,5.0,0,1,15,5.0,28.0,56.8,16,away,2009
Philip RiversP. Rivers,25,16,249.0,10.0,1,1,53,1.0,3.0,93.6,24,home,2009
Eli ManningE. Manning,39,20,222.0,5.7,1,2,35,2.0,7.0,55.7,17,away,2009
Donovan McNabbD. McNabb,23,17,240.0,10.4,3,0,54t,2.0,29.0,146.7,40,home,2009
Jake DelhommeJ. Delhomme,14,7,90.0,6.4,1,0,50t,1.0,5.0,94.3,34,away,2009
Matt MooreM. Moore,1,0,0.0,0.0,0,0,0,0.0,0.0,39.6,34,away,2009
Kurt WarnerK. Warner,46,27,242.0,5.3,2,5,19,2.0,16.0,47.8,21,home,2009
Matt RyanM. Ryan,42,19,289.0,6.9,1,3,68t,3.0,8.0,46.6,27,away,2009
Drew BreesD. Brees,33,25,308.0,9.3,2,1,30,2.0,17.0,111.7,35,home,2009
Jason CampbellJ. Campbell,22,15,196.0,8.9,1,1,47,5.0,32.0,92.2,17,away,2009
Todd CollinsT. Collins,5,4,12.0,2.4,0,0,11,0.0,0.0,79.2,17,away,2009
Matt RyanM. Ryan,24,17,135.0,5.6,1,1,14,3.0,10.0,81.1,31,home,2009
Kurt WarnerK. Warner,32,22,261.0,8.2,5,0,24,1.0,5.0,132.9,41,away,2009
Matt LeinartM. Leinart,1,0,0.0,0.0,0,1,0,0.0,0.0,0.0,41,away,2009
Jay CutlerJ. Cutler,47,29,369.0,7.9,3,1,42,4.0,22.0,98.6,21,home,2009
Joe FlaccoJ. Flacco,32,18,195.0,6.1,0,2,35,4.0,35.0,48.3,7,away,2009
Carson PalmerC. Palmer,33,20,224.0,6.8,1,0,32,1.0,1.0,91.0,17,home,2009
Matt SchaubM. Schaub,43,32,311.0,7.2,1,2,45,2.0,10.0,82.6,17,away,2009
Peyton ManningP. Manning,50,34,318.0,6.4,1,1,26,2.0,12.0,83.6,20,home,2009
Reggie WayneR. Wayne,1,0,0.0,0.0,0,1,0,0.0,0.0,0.0,20,home,2009
Chad HenneC. Henne,34,19,219.0,6.4,0,0,23,2.0,19.0,75.5,17,away,2009
Ronnie BrownR. Brown,2,1,1.0,0.5,1,0,1t,0.0,0.0,95.8,17,away,2009
Pat WhiteP. White,1,0,0.0,0.0,0,0,0,0.0,0.0,39.6,17,away,2009
Tom BradyT. Brady,37,25,332.0,9.0,1,1,71t,2.0,9.0,93.5,27,home,2009
Aaron RodgersA. Rodgers,35,17,266.0,7.6,2,3,74t,6.0,32.0,57.6,28,away,2009
Josh FreemanJ. Freeman,31,14,205.0,6.6,3,1,38,1.0,7.0,86.1,38,home,2009
Matt CasselM. Cassel,39,23,262.0,6.7,2,0,54t,3.0,21.0,96.3,21,away,2009
David GarrardD. Garrard,27,18,264.0,9.8,1,0,61t,1.0,11.0,110.7,24,home,2009
Matthew StaffordM. Stafford,42,22,203.0,4.8,2,5,29t,2.0,17.0,42.2,20,away,2009
Matt HasselbeckM. Hasselbeck,51,39,329.0,6.5,1,1,49,1.0,2.0,91.1,32,home,2009
Seneca WallaceS. Wallace,1,1,15.0,15.0,0,0,15,0.0,0.0,118.8,32,home,2009
Jake DelhommeJ. Delhomme,30,17,201.0,6.7,0,0,46,2.0,12.0,77.2,20,away,2009
Drew BreesD. Brees,35,24,330.0,9.4,1,1,63,1.0,0.0,96.1,30,home,2009
Philip RiversP. Rivers,36,24,209.0,5.8,3,2,29,2.0,17.0,86.5,21,away,2009
Eli ManningE. Manning,33,25,215.0,6.5,2,0,29,5.0,27.0,112.6,20,home,2009
Vince YoungV. Young,19,12,172.0,9.1,0,0,49,1.0,9.0,92.4,34,away,2009
Chris JohnsonC. Johnson,1,0,0.0,0.0,0,0,0,0.0,0.0,39.6,34,away,2009
Alex SmithA. Smith,45,29,286.0,6.4,2,3,40,4.0,36.0,69.3,27,home,2009
Tony RomoT. Romo,34,21,307.0,9.0,1,1,64,4.0,25.0,88.7,20,away,2009
Donovan McNabbD. McNabb,30,16,227.0,7.6,1,2,45,3.0,18.0,61.4,16,home,2009
Ben RoethlisbergerB. Roethlisberger,29,21,233.0,8.0,3,1,35,3.0,31.0,116.0,28,away,2009
Kyle OrtonK. Orton,38,23,221.0,5.8,0,3,20,2.0,6.0,43.9,10,home,2009
Jay CutlerJ. Cutler,52,29,307.0,5.9,0,5,37,0.0,0.0,33.6,6,away,2009
Alex SmithA. Smith,23,16,118.0,5.1,0,1,20,2.0,12.0,63.3,10,home,2009
Tatum BellT. Bell,16,46,2.88,17.0,1,--,,,,,24,away,2009
Michael PittmanM. Pittman,8,40,5.0,20.0,0,--,,,,,24,away,2009
Shaud WilliamsS. Williams,7,31,4.43,17.0,0,--,,,,,24,away,2009
Brooks BollingerB. Bollinger,2,3,1.5,4.0,0,--,,,,,24,away,2009
Chris GreisenC. Greisen,1,-1,-1.0,-1.0,0,--,,,,,24,away,2009
Shannon WoodsS. Woods,12,32,2.67,7.0,0,--,,,,,6,home,2009
Quinn GrayQ. Gray,2,10,5.0,8.0,0,--,,,,,6,home,2009
Charles AliC. Ali,3,7,2.33,4.0,0,--,,,,,6,home,2009
Ingle MartinI. Martin,3,4,1.33,8.0,0,--,,,,,6,home,2009
LaBrandon ToefieldL. Toefield,3,-1,-0.33,1.0,0,--,,,,,6,home,2009
Trent EdwardsT. Edwards,28,18,185.0,6.6,1,1,46,2.0,11.0,80.2,17,away,2009
Ryan FitzpatrickR. Fitzpatrick,7,2,6.0,0.9,0,1,5,0.0,0.0,0.0,17,away,2009
Fred JacksonF. Jackson,1,1,27.0,27.0,1,0,27t,0.0,0.0,158.3,17,away,2009
Vince YoungV. Young,25,17,210.0,8.4,1,1,38,0.0,0.0,90.4,41,home,2009
Carson PalmerC. Palmer,30,18,178.0,5.9,0,0,25,2.0,21.0,76.8,18,away,2009
Ben RoethlisbergerB. Roethlisberger,40,20,174.0,4.3,0,1,21,4.0,28.0,51.5,12,home,2009
Drew BreesD. Brees,26,18,223.0,8.6,2,2,27t,1.0,6.0,89.1,28,away,2009
Marc BulgerM. Bulger,40,26,298.0,7.5,2,1,29t,2.0,5.0,93.5,23,home,2009
Josh FreemanJ. Freeman,28,16,196.0,7.0,1,1,37,4.0,16.0,75.9,23,away,2009
Chad HenneC. Henne,31,17,175.0,5.6,1,1,25,0.0,0.0,68.6,25,home,2009
Pat WhiteP. White,1,0,0.0,0.0,0,0,0,0.0,0.0,39.6,25,home,2009
Matthew StaffordM. Stafford,51,29,224.0,4.4,1,0,19,3.0,20.0,74.3,10,away,2009
Brett FavreB. Favre,29,20,344.0,11.9,1,0,56,1.0,4.0,120.5,27,home,2009
Tarvaris JacksonT. Jackson,2,0,0.0,0.0,0,0,0,0.0,0.0,39.6,27,home,2009
David GarrardD. Garrard,26,16,221.0,8.5,1,0,33,2.0,13.0,101.6,24,away,2009
Mark SanchezM. Sanchez,30,16,212.0,7.1,1,2,41,0.0,0.0,59.3,22,home,2009
Braylon EdwardsB. Edwards,1,0,0.0,0.0,0,0,0,0.0,0.0,39.6,22,home,2009
Kyle OrtonK. Orton,18,11,193.0,10.7,2,0,75t,0.0,0.0,134.7,17,away,2009
Chris SimmsC. Simms,13,3,13.0,1.0,0,1,7,3.0,21.0,7.5,17,away,2009
Jason CampbellJ. Campbell,26,17,193.0,7.4,1,0,27,3.0,14.0,100.3,27,home,2009
Hunter SmithH. Smith,1,1,35.0,35.0,1,0,35t,0.0,0.0,158.3,27,home,2009
Matt RyanM. Ryan,41,22,224.0,5.5,1,2,34,0.0,0.0,57.4,19,away,2009
Jake DelhommeJ. Delhomme,24,15,195.0,8.1,2,0,30,0.0,0.0,115.8,28,home,2009
Matt CasselM. Cassel,34,19,216.0,6.4,0,1,41,2.0,10.0,62.9,16,away,2009
JaMarcus RussellJ. Russell,23,8,64.0,2.8,0,0,15,1.0,13.0,43.6,10,home,2009
Bruce GradkowskiB. Gradkowski,9,5,49.0,5.4,0,2,22,1.0,10.0,31.5,10,home,2009
Matt HasselbeckM. Hasselbeck,52,26,315.0,6.1,1,2,53,4.0,23.0,59.4,20,away,2009
Seneca WallaceS. Wallace,1,1,16.0,16.0,0,0,16,0.0,0.0,118.8,20,away,2009
Kurt WarnerK. Warner,38,29,340.0,8.9,2,0,37,0.0,0.0,120.5,31,home,2009
Tony RomoT. Romo,39,24,251.0,6.4,1,1,41,5.0,34.0,78.0,7,away,2009
Aaron RodgersA. Rodgers,36,25,189.0,5.2,1,0,24,4.0,11.0,91.1,17,home,2009
Donovan McNabbD. McNabb,55,35,450.0,8.2,2,1,58,2.0,17.0,93.8,23,away,2009
Michael VickM. Vick,1,0,0.0,0.0,0,0,0,0.0,0.0,39.6,23,away,2009
Philip RiversP. Rivers,25,20,231.0,9.2,2,0,22,2.0,19.0,131.8,31,home,2009
Tom BradyT. Brady,42,29,375.0,8.9,3,1,63t,2.0,11.0,110.7,34,away,2009
Peyton ManningP. Manning,44,28,327.0,7.4,4,2,29t,1.0,11.0,97.4,35,home,2009
Joe FlaccoJ. Flacco,18,13,155.0,8.6,0,0,41,2.0,9.0,98.1,16,away,2009
Ray RiceR. Rice,1,0,0.0,0.0,0,0,0,0.0,0.0,39.6,16,away,2009
Brady QuinnB. Quinn,31,13,99.0,3.2,0,2,30,4.0,25.0,23.5,0,home,2009
Chad HenneC. Henne,29,17,172.0,5.9,1,0,36,0.0,0.0,87.1,24,away,2009
Jake DelhommeJ. Delhomme,42,19,227.0,5.4,1,1,29,4.0,26.0,60.3,17,home,2009
Michael PittmanM. Pittman,18,58,3.22,9.0,2,--,,,,,34,away,2009
Tatum BellT. Bell,9,43,4.78,18.0,0,--,,,,,34,away,2009
Andrew PinnockA. Pinnock,2,1,0.5,1.0,1,--,,,,,34,away,2009
Brooks BollingerB. Bollinger,3,-6,-2.0,0.0,0,--,,,,,34,away,2009
Cory RossC. Ross,19,45,2.37,8.0,0,--,,,,,27,home,2009
John David WashingtonJ. Washington,5,20,4.0,7.0,0,--,,,,,27,home,2009
Shane BoydS. Boyd,4,5,1.25,8.0,0,--,,,,,27,home,2009
Jason CampbellJ. Campbell,37,24,256.0,6.9,0,1,36,1.0,10.0,73.7,6,away,2009
Tony RomoT. Romo,27,15,158.0,5.9,1,1,23,1.0,6.0,69.7,7,home,2009
Brady QuinnB. Quinn,33,21,304.0,9.2,4,0,59t,1.0,6.0,133.1,37,away,2009
Phil DawsonP. Dawson,1,1,10.0,10.0,0,0,10,0.0,0.0,108.3,37,away,2009
Matthew StaffordM. Stafford,43,26,422.0,9.8,5,2,75t,2.0,6.0,112.7,38,home,2009
Alex SmithA. Smith,33,16,227.0,6.9,3,1,38t,3.0,12.0,88.8,24,away,2009
Aaron RodgersA. Rodgers,45,32,344.0,7.6,2,0,64t,2.0,18.0,108.0,30,home,2009
Ben RoethlisbergerB. Roethlisberger,42,32,398.0,9.5,3,2,41,2.0,13.0,109.0,24,away,2009
Charlie BatchC. Batch,2,1,17.0,8.5,0,0,17,0.0,0.0,79.2,24,away,2009
Matt CasselM. Cassel,30,15,248.0,8.3,2,0,61,5.0,34.0,100.4,27,home,2009
Matt RyanM. Ryan,46,26,268.0,5.8,2,0,28,2.0,6.0,88.0,31,away,2009
Eli ManningE. Manning,39,25,384.0,9.8,3,1,51,1.0,16.0,111.5,34,home,2009
Drew BreesD. Brees,29,19,187.0,6.4,3,0,37,0.0,0.0,118.0,38,away,2009
Josh FreemanJ. Freeman,33,17,126.0,3.8,1,3,21,3.0,26.0,33.1,7,home,2009
Ryan FitzpatrickR. Fitzpatrick,31,18,297.0,9.6,1,2,98t,2.0,7.0,74.3,15,away,2009
David GarrardD. Garrard,30,21,215.0,7.2,1,1,35,2.0,7.0,87.5,18,home,2009
Peyton ManningP. Manning,31,22,299.0,9.6,1,2,66,0.0,0.0,85.3,17,away,2009
Joe FlaccoJ. Flacco,35,23,256.0,7.3,0,1,45,0.0,0.0,75.4,15,home,2009
Matt HasselbeckM. Hasselbeck,26,19,231.0,8.9,0,1,47,1.0,9.0,84.0,9,away,2009
Seneca WallaceS. Wallace,3,0,0.0,0.0,0,0,0,1.0,14.0,39.6,9,away,2009
Brett FavreB. Favre,25,22,213.0,8.5,4,0,25,2.0,19.0,141.7,35,home,2009
Tarvaris JacksonT. Jackson,8,6,77.0,9.6,1,0,34t,0.0,0.0,144.3,35,home,2009
Kurt WarnerK. Warner,19,15,203.0,10.7,2,0,38,1.0,7.0,146.3,21,away,2009
Matt LeinartM. Leinart,14,10,74.0,5.3,0,0,20,1.0,9.0,83.6,21,away,2009
Marc BulgerM. Bulger,37,19,215.0,5.8,0,1,29,3.0,24.0,57.8,13,home,2009
Mark SanchezM. Sanchez,21,8,136.0,6.5,1,4,33,2.0,14.0,37.1,14,away,2009
Tom BradyT. Brady,41,28,310.0,7.6,1,0,43,2.0,11.0,98.6,31,home,2009
Carson PalmerC. Palmer,22,14,207.0,9.4,0,1,40,3.0,36.0,75.4,17,away,2009
Bruce GradkowskiB. Gradkowski,34,17,183.0,5.4,2,1,29t,0.0,0.0,73.5,20,home,2009
Philip RiversP. Rivers,22,17,145.0,6.6,1,0,24,0.0,0.0,109.1,32,away,2009
Kyle OrtonK. Orton,29,15,171.0,5.9,0,1,38,1.0,7.0,55.4,3,home,2009
Chris SimmsC. Simms,4,2,10.0,2.5,0,0,7,2.0,18.0,56.2,3,home,2009
Donovan McNabbD. McNabb,32,23,244.0,7.6,2,1,48t,3.0,24.0,101.6,24,away,2009
Michael VickM. Vick,1,1,0.0,0.0,0,0,0,0.0,0.0,79.2,24,away,2009
Jay CutlerJ. Cutler,43,24,171.0,4.0,1,1,23,1.0,13.0,63.2,20,home,2009
Vince YoungV. Young,22,12,116.0,5.3,1,0,27,0.0,0.0,84.7,20,away,2009
Matt SchaubM. Schaub,39,25,305.0,7.8,2,0,49,4.0,22.0,105.2,17,home,2009
Aaron RodgersA. Rodgers,39,28,348.0,8.9,3,0,68,1.0,6.0,124.7,34,away,2009
Matthew StaffordM. Stafford,43,20,213.0,5.0,1,4,47,2.0,14.0,30.5,12,home,2009
Bruce GradkowskiB. Gradkowski,35,18,200.0,5.7,1,0,28,3.0,19.0,78.3,7,away,2009
Tony RomoT. Romo,29,18,309.0,10.7,2,0,49,2.0,10.0,121.2,24,home,2009
Eli ManningE. Manning,40,24,230.0,5.8,0,1,36,3.0,20.0,65.6,6,away,2009
Kyle OrtonK. Orton,28,18,245.0,8.8,1,1,33,1.0,10.0,89.1,26,home,2009
Josh FreemanJ. Freeman,29,20,250.0,8.6,2,0,42t,1.0,5.0,118.5,17,away,2009
Dirk JohnsonD. Johnson,1,0,0.0,0.0,0,0,0,0.0,0.0,39.6,17,away,2009
Chris RedmanC. Redman,41,23,243.0,5.9,2,0,22t,5.0,33.0,89.8,20,home,2009
Matt RyanM. Ryan,3,2,15.0,5.0,0,0,9,1.0,3.0,78.5,20,home,2009
Chad HenneC. Henne,31,17,175.0,5.6,1,3,20,1.0,7.0,42.5,14,away,2009
Ricky WilliamsR. Williams,1,0,0.0,0.0,0,1,0,0.0,0.0,0.0,14,away,2009
Ryan FitzpatrickR. Fitzpatrick,26,17,246.0,9.5,1,1,51t,6.0,39.0,92.8,31,home,2009
Brady QuinnB. Quinn,34,15,100.0,2.9,0,0,24,1.0,7.0,51.3,7,away,2009
Joshua CribbsJ. Cribbs,1,1,18.0,18.0,0,0,18,0.0,0.0,118.8,7,away,2009
Carson PalmerC. Palmer,24,13,110.0,4.6,1,0,19,3.0,14.0,80.2,16,home,2009
Matt LeinartM. Leinart,31,21,220.0,7.1,0,0,28,1.0,3.0,88.1,17,away,2009
Vince YoungV. Young,43,27,387.0,9.0,1,0,51,4.0,18.0,99.7,20,home,2009
Matt HasselbeckM. Hasselbeck,25,14,102.0,4.1,0,0,17,1.0,7.0,65.8,27,away,2009
Kyle BollerK. Boller,46,28,282.0,6.1,1,2,33,4.0,31.0,67.5,17,home,2009
Jay CutlerJ. Cutler,23,18,147.0,6.4,1,2,24t,4.0,21.0,71.6,10,away,2009
Brett FavreB. Favre,48,32,392.0,8.2,3,0,33,1.0,14.0,112.5,36,home,2009
Jake DelhommeJ. Delhomme,34,14,130.0,3.8,0,4,26,3.0,26.0,12.7,6,away,2009
Mark SanchezM. Sanchez,17,13,154.0,9.1,0,1,26,3.0,10.0,79.0,17,home,2009
Kellen ClemensK. Clemens,1,0,0.0,0.0,0,0,0,0.0,0.0,39.6,17,home,2009
Jason CampbellJ. Campbell,37,22,231.0,6.2,2,2,35,1.0,10.0,73.1,24,away,2009
Donovan McNabbD. McNabb,35,21,260.0,7.4,1,1,46,2.0,2.0,80.7,27,home,2009
Michael VickM. Vick,1,0,0.0,0.0,0,0,0,0.0,0.0,39.6,27,home,2009
Peyton ManningP. Manning,35,27,244.0,7.0,3,2,31,2.0,16.0,100.2,35,away,2009
Matt SchaubM. Schaub,42,31,284.0,6.8,2,2,22,2.0,10.0,87.8,27,home,2009
Matt CasselM. Cassel,31,19,178.0,5.7,1,1,49,1.0,11.0,74.4,14,away,2009
Brodie CroyleB. Croyle,2,1,3.0,1.5,0,0,3,0.0,0.0,56.2,14,away,2009
Philip RiversP. Rivers,28,21,317.0,11.3,2,0,53,0.0,0.0,135.6,43,home,2009
Billy VolekB. Volek,1,1,15.0,15.0,0,0,15,0.0,0.0,118.8,43,home,2009
David GarrardD. Garrard,36,25,307.0,8.5,0,0,30,6.0,46.0,95.5,3,away,2009
Alex SmithA. Smith,41,27,232.0,5.7,2,0,30,0.0,0.0,96.8,20,home,2009
Dennis DixonD. Dixon,26,12,145.0,5.6,1,1,33t,0.0,0.0,60.6,17,away,2009
Joe FlaccoJ. Flacco,35,23,289.0,8.3,1,0,54,5.0,28.0,100.8,20,home,2009
Tom BradyT. Brady,36,21,237.0,6.6,0,2,47,1.0,4.0,55.0,17,away,2009
Brian HoyerB. Hoyer,4,2,19.0,4.8,0,0,14,1.0,8.0,63.5,17,away,2009
Drew BreesD. Brees,23,18,371.0,16.1,5,0,75t,1.0,4.0,158.3,38,home,2009
Mark SanchezM. Sanchez,15,7,104.0,6.9,1,0,45,2.0,18.0,92.1,19,away,2009
Kellen ClemensK. Clemens,2,1,14.0,7.0,0,0,14,3.0,18.0,72.9,19,away,2009
Ryan FitzpatrickR. Fitzpatrick,23,9,98.0,4.3,0,1,38,3.0,27.0,34.3,13,home,2009
Donovan McNabbD. McNabb,25,14,238.0,9.5,1,0,59,2.0,9.0,101.8,34,away,2009
Michael VickM. Vick,2,2,48.0,24.0,1,0,43,0.0,0.0,158.3,34,away,2009
Chris RedmanC. Redman,44,23,235.0,5.3,1,2,35,2.0,1.0,56.5,7,home,2009
Kyle BollerK. Boller,32,17,113.0,3.5,0,1,21,3.0,15.0,48.0,9,away,2009
Jay CutlerJ. Cutler,17,8,143.0,8.4,1,0,71,2.0,15.0,96.0,17,home,2009
Brad MaynardB. Maynard,1,1,0.0,0.0,0,0,0,0.0,0.0,79.2,17,home,2009
Matthew StaffordM. Stafford,26,11,143.0,5.5,1,2,54t,3.0,27.0,41.0,13,away,2009
Daunte CulpepperD. Culpepper,3,2,49.0,16.3,0,0,38,0.0,0.0,109.7,13,away,2009
Carson PalmerC. Palmer,29,17,220.0,7.6,1,2,36t,2.0,18.0,65.3,23,home,2009
Vince YoungV. Young,43,24,241.0,5.6,2,1,25,1.0,8.0,77.8,17,away,2009
Peyton ManningP. Manning,37,24,270.0,7.3,1,0,36,0.0,0.0,95.6,27,home,2009
Kyle OrtonK. Orton,25,15,180.0,7.2,2,1,49,3.0,12.0,92.1,44,away,2009
Matt CasselM. Cassel,29,10,84.0,2.9,0,2,16,2.0,6.0,14.6,13,home,2009
Brodie CroyleB. Croyle,14,6,50.0,3.6,0,0,13,0.0,0.0,52.7,13,home,2009
Drew BreesD. Brees,49,35,419.0,8.6,2,1,53t,1.0,11.0,102.3,33,away,2009
Jason CampbellJ. Campbell,42,30,367.0,8.7,3,1,44,0.0,0.0,111.9,30,home,2009
Josh FreemanJ. Freeman,44,23,321.0,7.3,0,5,40,2.0,6.0,36.5,6,away,2009
Matt MooreM. Moore,20,14,161.0,8.1,0,1,66,1.0,9.0,73.1,16,home,2009
Matt SchaubM. Schaub,27,19,207.0,7.7,1,1,53,2.0,7.0,89.6,18,away,2009
Rex GrossmanR. Grossman,9,3,33.0,3.7,0,1,21,0.0,0.0,5.6,18,away,2009
Chris BrownC. Brown,1,0,0.0,0.0,0,1,0,0.0,0.0,0.0,18,away,2009
David GarrardD. Garrard,28,15,238.0,8.5,2,0,62,4.0,22.0,106.0,23,home,2009
Bruce GradkowskiB. Gradkowski,33,20,308.0,9.3,3,0,75t,3.0,21.0,121.8,27,away,2009
Michael BushM. Bush,1,0,0.0,0.0,0,0,0,0.0,0.0,39.6,27,away,2009
Ben RoethlisbergerB. Roethlisberger,24,18,278.0,11.6,2,1,57,1.0,9.0,123.3,24,home,2009
Philip RiversP. Rivers,25,18,373.0,14.9,2,0,66t,1.0,8.0,140.8,30,away,2009
Legedu NaaneeL. Naanee,1,1,21.0,21.0,0,0,21,0.0,0.0,118.8,30,away,2009
Brady QuinnB. Quinn,45,25,271.0,6.0,3,0,43,2.0,14.0,95.7,23,home,2009
Alex SmithA. Smith,45,27,310.0,6.9,2,0,42,1.0,7.0,95.6,17,away,2009
Matt HasselbeckM. Hasselbeck,34,25,198.0,5.8,2,0,32,5.0,20.0,107.2,20,home,2009
Seneca WallaceS. Wallace,1,1,7.0,7.0,0,0,7,0.0,0.0,95.8,20,home,2009
Tony RomoT. Romo,55,41,392.0,7.1,3,0,32,2.0,13.0,112.1,24,away,2009
Eli ManningE. Manning,25,11,241.0,9.6,2,1,74t,1.0,4.0,88.9,31,home,2009
Brett FavreB. Favre,45,30,275.0,6.1,2,2,31t,3.0,22.0,79.4,17,away,2009
Kurt WarnerK. Warner,32,22,285.0,8.9,3,0,39t,0.0,0.0,127.7,30,home,2009
Tom BradyT. Brady,29,19,352.0,12.1,2,2,81t,0.0,0.0,101.5,21,away,2009
Chad HenneC. Henne,52,29,335.0,6.4,2,1,29,1.0,7.0,80.2,22,home,2009
Joe FlaccoJ. Flacco,36,15,137.0,3.8,1,3,23,3.0,18.0,27.2,14,away,2009
Aaron RodgersA. Rodgers,40,26,263.0,6.6,3,2,29,1.0,7.0,87.8,27,home,2009
Ben RoethlisbergerB. Roethlisberger,32,18,201.0,6.3,0,0,24,8.0,60.0,75.1,6,away,2009
Brady QuinnB. Quinn,19,6,90.0,4.7,0,0,37,1.0,6.0,48.1,13,home,2009
Drew BreesD. Brees,40,31,296.0,7.4,3,0,42,0.0,0.0,122.5,26,away,2009
Mark BrunellM. Brunell,1,0,0.0,0.0,0,0,0,0.0,0.0,39.6,26,away,2009
Chris RedmanC. Redman,34,23,303.0,8.9,1,1,50t,1.0,0.0,93.1,23,home,2009
Aaron RodgersA. Rodgers,24,16,180.0,7.5,0,0,25,3.0,23.0,88.9,21,away,2009
Jay CutlerJ. Cutler,36,23,209.0,5.8,2,2,28,3.0,14.0,74.9,14,home,2009
Keith NullK. Null,44,28,165.0,3.8,1,5,13,1.0,5.0,38.7,7,away,2009
Kerry CollinsK. Collins,19,11,154.0,8.1,1,0,44,0.0,0.0,101.6,47,home,2009
Vince YoungV. Young,8,6,132.0,16.5,1,0,66t,0.0,0.0,156.2,47,home,2009
Kyle OrtonK. Orton,41,29,277.0,6.8,2,1,23,3.0,15.0,95.3,16,away,2009
Peyton ManningP. Manning,42,20,220.0,5.2,4,3,29,0.0,0.0,65.6,28,home,2009
Ryan FitzpatrickR. Fitzpatrick,20,12,86.0,4.3,1,1,17,2.0,13.0,65.8,16,away,2009
Matt CasselM. Cassel,43,26,224.0,5.2,0,4,26,3.0,15.0,35.4,10,home,2009
Kellen ClemensK. Clemens,23,12,111.0,4.8,0,0,26,1.0,3.0,65.7,26,away,2009
Brad SmithB. Smith,1,1,27.0,27.0,0,0,27,0.0,0.0,118.8,26,away,2009
Josh FreemanJ. Freeman,33,14,93.0,2.8,0,3,15,3.0,12.0,12.1,3,home,2009
Chad HenneC. Henne,29,21,220.0,7.6,0,1,25,2.0,12.0,79.7,14,away,2009
David GarrardD. Garrard,26,11,139.0,5.3,0,0,63,3.0,17.0,59.6,10,home,2009
Daunte CulpepperD. Culpepper,34,16,135.0,4.0,0,2,19,1.0,9.0,33.3,3,away,2009
Joe FlaccoJ. Flacco,20,13,230.0,11.5,1,0,62t,0.0,0.0,120.8,48,home,2009
Troy SmithT. Smith,3,2,10.0,3.3,0,0,8,0.0,0.0,71.5,48,home,2009
Matt HasselbeckM. Hasselbeck,35,24,247.0,7.1,1,1,42,3.0,27.0,86.3,7,away,2009
Seneca WallaceS. Wallace,1,0,0.0,0.0,0,0,0,0.0,0.0,39.6,7,away,2009
Matt SchaubM. Schaub,39,29,365.0,9.4,2,1,64t,0.0,0.0,109.5,34,home,2009
Carson PalmerC. Palmer,25,15,94.0,3.8,1,0,15t,1.0,12.0,81.1,10,away,2009
J.T. O'SullivanJ. O'Sullivan,3,1,9.0,3.0,0,0,9,0.0,0.0,42.4,10,away,2009
Brett FavreB. Favre,30,17,192.0,6.4,1,1,28,2.0,12.0,73.2,30,home,2009
Matt MooreM. Moore,30,15,197.0,6.6,1,0,44,2.0,18.0,82.2,10,away,2009
Tom BradyT. Brady,32,19,192.0,6.0,1,1,23,0.0,0.0,74.0,20,home,2009
Jason CampbellJ. Campbell,28,16,222.0,7.9,2,0,42,3.0,27.0,106.5,34,away,2009
Bruce GradkowskiB. Gradkowski,18,10,153.0,8.5,0,0,48,2.0,13.0,83.8,13,home,2009
JaMarcus RussellJ. Russell,16,10,74.0,4.6,0,1,11,6.0,52.0,47.4,13,home,2009
Philip RiversP. Rivers,32,21,272.0,8.5,1,1,39,1.0,4.0,89.6,20,away,2009
Tony RomoT. Romo,30,19,249.0,8.3,2,0,26,1.0,10.0,111.7,17,home,2009
Donovan McNabbD. McNabb,26,17,275.0,10.6,2,1,60t,1.0,10.0,110.3,45,away,2009
Michael VickM. Vick,2,1,32.0,16.0,0,0,32,0.0,0.0,95.8,45,away,2009
Eli ManningE. Manning,38,27,391.0,10.3,3,0,68t,3.0,12.0,130.5,38,home,2009
Kurt WarnerK. Warner,29,16,178.0,6.1,0,2,29,4.0,18.0,44.9,9,away,2009
Alex SmithA. Smith,35,19,144.0,4.1,2,2,35t,1.0,6.0,59.7,24,home,2009
Peyton ManningP. Manning,30,23,308.0,10.3,4,1,65t,0.0,0.0,134.4,35,away,2009
David GarrardD. Garrard,40,23,223.0,5.6,3,1,25,2.0,17.0,87.8,31,home,2009
Tony RomoT. Romo,34,22,312.0,9.2,1,0,49t,3.0,18.0,104.0,24,away,2009
Drew BreesD. Brees,45,29,298.0,6.6,1,1,35,4.0,27.0,81.5,17,home,2009
Tom BradyT. Brady,23,11,115.0,5.0,1,1,16,0.0,0.0,59.1,17,away,2009
Ryan FitzpatrickR. Fitzpatrick,25,17,178.0,7.1,1,1,29,4.0,22.0,85.1,10,home,2009
Trent EdwardsT. Edwards,2,1,-1.0,-0.5,0,0,-1,2.0,19.0,56.2,10,home,2009
Kurt WarnerK. Warner,36,22,228.0,6.3,1,1,28,2.0,10.0,77.1,31,away,2009
Drew StantonD. Stanton,19,10,72.0,3.8,0,1,24,0.0,0.0,39.8,24,home,2009
Daunte CulpepperD. Culpepper,12,6,64.0,5.3,0,1,20,2.0,15.0,31.3,24,home,2009
Chad HenneC. Henne,46,29,349.0,7.6,1,3,57,1.0,2.0,66.3,24,away,2009
Vince YoungV. Young,27,14,236.0,8.7,3,1,41,2.0,0.0,103.3,27,home,2009
Brady QuinnB. Quinn,17,10,66.0,3.9,0,2,11,0.0,0.0,27.7,41,away,2009
Joshua CribbsJ. Cribbs,1,0,0.0,0.0,0,0,0,0.0,0.0,39.6,41,away,2009
Matt CasselM. Cassel,40,22,331.0,8.3,2,0,39,1.0,8.0,99.1,34,home,2009
Matt SchaubM. Schaub,40,28,367.0,9.2,1,0,49,0.0,0.0,107.0,16,away,2009
Keith NullK. Null,27,18,173.0,6.4,1,1,25,3.0,24.0,81.2,13,home,2009
Matt RyanM. Ryan,34,16,152.0,4.5,1,0,38,0.0,0.0,69.7,10,away,2009
Mark SanchezM. Sanchez,32,18,226.0,7.1,1,3,65t,2.0,11.0,49.7,7,home,2009
Alex SmithA. Smith,37,20,177.0,4.8,1,3,22,3.0,23.0,42.3,13,away,2009
Donovan McNabbD. McNabb,36,21,306.0,8.5,1,2,59,0.0,0.0,72.2,27,home,2009
Aaron RodgersA. Rodgers,48,26,383.0,8.0,3,0,83t,1.0,7.0,101.3,36,away,2009
Ben RoethlisbergerB. Roethlisberger,46,29,503.0,10.9,3,0,60t,5.0,31.0,121.9,37,home,2009
Jay CutlerJ. Cutler,27,10,94.0,3.5,0,3,30,2.0,4.0,7.9,7,away,2009
Caleb HanieC. Hanie,5,2,8.0,1.6,0,1,5,0.0,0.0,8.3,7,away,2009
Joe FlaccoJ. Flacco,29,21,234.0,8.1,4,0,32t,2.0,22.0,135.6,31,home,2009
Troy SmithT. Smith,4,2,10.0,2.5,0,1,9,0.0,0.0,16.7,31,home,2009
Carson PalmerC. Palmer,40,27,314.0,7.8,2,1,49t,2.0,21.0,97.3,24,away,2009
Philip RiversP. Rivers,38,24,308.0,8.1,3,2,36,2.0,12.0,92.9,27,home,2009
Charlie FryeC. Frye,17,9,68.0,4.0,0,1,14,0.0,0.0,38.4,20,away,2009
JaMarcus RussellJ. Russell,11,5,47.0,4.3,1,0,13,1.0,13.0,88.1,20,away,2009
J.P. LosmanJ. Losman,1,0,0.0,0.0,0,0,0,0.0,0.0,39.6,20,away,2009
Kyle OrtonK. Orton,34,19,278.0,8.2,1,0,63,3.0,21.0,92.5,19,home,2009
Josh FreemanJ. Freeman,26,16,205.0,7.9,2,1,22t,0.0,0.0,95.8,24,away,2009
Matt HasselbeckM. Hasselbeck,46,27,256.0,5.6,1,4,29t,1.0,4.0,45.2,7,home,2009
Brett FavreB. Favre,27,17,224.0,8.3,0,1,63,4.0,28.0,73.7,7,away,2009
Matt MooreM. Moore,33,21,299.0,9.1,3,0,55,2.0,26.0,123.2,26,home,2009
Eli ManningE. Manning,26,19,268.0,10.3,3,0,45,2.0,22.0,144.4,45,away,2009
David CarrD. Carr,4,3,27.0,6.8,0,0,13,0.0,0.0,92.7,45,away,2009
Jason CampbellJ. Campbell,28,15,192.0,6.9,1,2,51,5.0,36.0,57.4,12,home,2009
Todd CollinsT. Collins,4,2,57.0,14.2,0,0,46,0.0,0.0,95.8,12,home,2009
Hunter SmithH. Smith,1,0,0.0,0.0,0,1,0,0.0,0.0,0.0,12,home,2009
Philip RiversP. Rivers,27,21,264.0,9.8,2,0,36t,1.0,5.0,132.1,42,away,2009
LaDainian TomlinsonL. Tomlinson,1,0,0.0,0.0,0,0,0,0.0,0.0,39.6,42,away,2009
Vince YoungV. Young,21,8,89.0,4.2,0,2,15,1.0,1.0,11.9,17,home,2009
Brian BrohmB. Brohm,29,17,146.0,5.0,0,2,15,2.0,8.0,43.2,3,away,2009
Matt RyanM. Ryan,35,18,250.0,7.1,3,0,42t,3.0,16.0,103.3,31,home,2009
Matt CasselM. Cassel,37,22,180.0,4.9,1,2,20t,1.0,8.0,58.4,10,away,2009
Carson PalmerC. Palmer,25,17,139.0,5.6,2,1,21,1.0,9.0,91.9,17,home,2009
Charlie FryeC. Frye,45,26,333.0,7.4,0,3,33,4.0,32.0,53.3,9,away,2009
Derek AndersonD. Anderson,17,8,121.0,7.1,1,0,28,2.0,3.0,90.6,23,home,2009
Matt HasselbeckM. Hasselbeck,37,19,198.0,5.4,1,4,31,3.0,22.0,36.6,10,away,2009
Aaron RodgersA. Rodgers,23,12,237.0,10.3,1,0,40,1.0,9.0,103.0,48,home,2009
Matt FlynnM. Flynn,6,4,36.0,6.0,0,0,17,0.0,0.0,82.6,48,home,2009
Joe FlaccoJ. Flacco,25,13,166.0,6.6,2,1,30t,4.0,18.0,83.1,20,away,2009
Ben RoethlisbergerB. Roethlisberger,33,17,259.0,7.8,1,1,45,4.0,21.0,75.2,23,home,2009
Matt SchaubM. Schaub,31,20,286.0,9.2,2,1,44t,1.0,6.0,102.4,27,away,2009
Chad HenneC. Henne,55,35,322.0,5.9,1,1,35,3.0,19.0,78.0,20,home,2009
David GarrardD. Garrard,25,19,185.0,7.4,0,2,20,2.0,8.0,62.9,7,away,2009
Tom BradyT. Brady,26,23,267.0,10.3,4,0,29,0.0,0.0,149.0,35,home,2009
Josh FreemanJ. Freeman,31,21,271.0,8.7,0,2,35,3.0,8.0,68.1,20,away,2009
Drew BreesD. Brees,37,32,258.0,7.0,1,0,30t,1.0,9.0,104.7,17,home,2009
Matt MooreM. Moore,20,15,171.0,8.6,3,0,27t,1.0,2.0,139.8,41,away,2009
Eli ManningE. Manning,43,29,296.0,6.9,1,2,27,4.0,39.0,75.3,9,home,2009
Kyle OrtonK. Orton,41,27,189.0,4.6,3,1,26,3.0,18.0,90.4,27,away,2009
Donovan McNabbD. McNabb,35,20,322.0,9.2,3,1,47t,4.0,33.0,104.7,30,home,2009
Keith NullK. Null,31,20,171.0,5.5,1,3,21t,4.0,21.0,50.0,10,away,2009
Kyle BollerK. Boller,1,0,0.0,0.0,0,0,0,0.0,0.0,39.6,10,away,2009
Kurt WarnerK. Warner,38,24,313.0,8.2,2,0,45,2.0,16.0,106.6,31,home,2009
Drew StantonD. Stanton,21,11,130.0,6.2,0,3,30,2.0,6.0,31.9,6,away,2009
Daunte CulpepperD. Culpepper,12,7,51.0,4.2,0,0,14,0.0,0.0,68.4,6,away,2009
Alex SmithA. Smith,31,20,230.0,7.4,1,0,50,1.0,4.0,97.5,20,home,2009
Mark SanchezM. Sanchez,19,12,106.0,5.6,0,0,16,2.0,15.0,78.0,29,away,2009
Peyton ManningP. Manning,21,14,192.0,9.1,0,0,29,0.0,0.0,95.7,15,home,2009
Curtis PainterC. Painter,11,4,44.0,4.0,0,1,22,2.0,14.0,11.2,15,home,2009
Tony RomoT. Romo,38,25,286.0,7.5,1,1,69,1.0,1.0,86.1,17,away,2009
Jason CampbellJ. Campbell,39,24,199.0,5.1,0,1,29,4.0,34.0,63.9,0,home,2009
Brett FavreB. Favre,40,26,321.0,8.0,2,0,38,3.0,21.0,106.4,30,away,2009
Jay CutlerJ. Cutler,35,20,273.0,7.8,4,1,39t,2.0,15.0,108.4,36,home,2009
Peyton ManningP. Manning,18,14,95.0,5.3,0,1,17,0.0,0.0,65.5,7,away,2009
Curtis PainterC. Painter,17,4,39.0,2.3,0,1,21,1.0,2.0,15.1,7,away,2009
Ryan FitzpatrickR. Fitzpatrick,25,16,155.0,6.2,3,0,41t,0.0,0.0,120.8,30,home,2009
David GarrardD. Garrard,39,22,202.0,5.2,2,1,22,3.0,5.0,77.1,17,away,2009
Derek AndersonD. Anderson,11,7,86.0,7.8,0,1,29,0.0,0.0,49.8,23,home,2009
Donovan McNabbD. McNabb,36,20,223.0,6.2,0,0,32,4.0,32.0,74.2,0,away,2009
Tony RomoT. Romo,34,24,311.0,9.1,2,1,40,2.0,16.0,106.4,24,home,2009
Jay CutlerJ. Cutler,36,22,276.0,7.7,4,0,48,2.0,8.0,122.0,37,away,2009
Daunte CulpepperD. Culpepper,34,23,262.0,7.7,2,1,24,2.0,13.0,97.9,23,home,2009
Matt RyanM. Ryan,35,23,223.0,6.4,2,2,32,1.0,9.0,78.6,20,away,2009
Josh FreemanJ. Freeman,31,15,172.0,5.5,1,2,27,1.0,6.0,49.4,10,home,2009
Mark BrunellM. Brunell,29,15,102.0,3.5,0,1,18,0.0,0.0,45.5,10,away,2009
Matt MooreM. Moore,23,14,162.0,7.0,1,0,30t,2.0,13.0,96.6,23,home,2009
Tom BradyT. Brady,26,17,186.0,7.2,0,1,41,1.0,4.0,70.4,27,away,2009
Brian HoyerB. Hoyer,12,8,71.0,5.9,0,0,17,1.0,10.0,82.3,27,away,2009
Matt SchaubM. Schaub,39,24,303.0,7.8,2,1,26,1.0,8.0,92.1,34,home,2009
Alex SmithA. Smith,28,17,222.0,7.9,1,0,73t,3.0,18.0,97.6,28,away,2009
Keith NullK. Null,17,7,57.0,3.4,0,0,20,5.0,32.0,50.4,6,home,2009
Kyle BollerK. Boller,11,4,23.0,2.1,0,0,9,3.0,26.0,44.9,6,home,2009
Ben RoethlisbergerB. Roethlisberger,27,18,220.0,8.1,3,0,54t,3.0,19.0,128.6,30,away,2009
Santonio HolmesS. Holmes,1,0,0.0,0.0,0,1,0,0.0,0.0,0.0,30,away,2009
Chad HenneC. Henne,20,16,140.0,7.0,1,1,24,2.0,10.0,91.7,24,home,2009
Tyler ThigpenT. Thigpen,8,4,83.0,10.4,1,2,34t,0.0,0.0,87.0,24,home,2009
Pat WhiteP. White,2,0,0.0,0.0,0,0,0,1.0,9.0,39.6,24,home,2009
Eli ManningE. Manning,23,17,141.0,6.1,0,1,26,3.0,21.0,71.1,7,away,2009
David CarrD. Carr,5,3,26.0,5.2,0,0,14,0.0,0.0,73.8,7,away,2009
Brett FavreB. Favre,31,25,316.0,10.2,4,0,50,0.0,0.0,148.7,44,home,2009
Tarvaris JacksonT. Jackson,6,4,42.0,7.0,0,0,18,0.0,0.0,86.8,44,home,2009
Carson PalmerC. Palmer,11,1,0.0,0.0,0,1,0,0.0,0.0,1.7,0,away,2009
J.T. O'SullivanJ. O'Sullivan,8,3,31.0,3.9,0,0,16,3.0,31.0,49.5,0,away,2009
Mark SanchezM. Sanchez,16,8,63.0,3.9,0,0,14,0.0,0.0,60.2,37,home,2009
Aaron RodgersA. Rodgers,26,21,235.0,9.0,1,0,51,0.0,0.0,117.1,33,away,2009
Matt FlynnM. Flynn,3,1,7.0,2.3,0,1,7,1.0,6.0,2.8,33,away,2009
Matt LeinartM. Leinart,21,13,96.0,4.6,0,2,22,0.0,0.0,33.1,7,home,2009
Kurt WarnerK. Warner,6,4,31.0,5.2,0,0,13,0.0,0.0,79.2,7,home,2009
Brian St. PierreB. St. Pierre,4,2,12.0,3.0,1,1,9,0.0,0.0,56.2,7,home,2009
Jason CampbellJ. Campbell,42,28,281.0,6.7,2,0,84,1.0,6.0,101.4,20,away,2009
Billy VolekB. Volek,30,19,216.0,7.2,1,1,50,1.0,1.0,82.1,23,home,2009
Philip RiversP. Rivers,15,9,99.0,6.6,1,0,25,0.0,0.0,101.8,23,home,2009
Vince YoungV. Young,28,17,171.0,6.1,0,1,29,0.0,0.0,63.2,17,away,2009
Matt HasselbeckM. Hasselbeck,30,15,175.0,5.8,1,1,35,3.0,23.0,65.3,13,home,2009
Seneca WallaceS. Wallace,1,1,17.0,17.0,0,0,17,0.0,0.0,118.8,13,home,2009
Joe FlaccoJ. Flacco,19,11,102.0,5.4,0,0,23,4.0,12.0,72.7,21,away,2009
Charlie FryeC. Frye,25,18,180.0,7.2,1,0,22,1.0,8.0,105.4,13,home,2009
JaMarcus RussellJ. Russell,14,9,102.0,7.3,0,1,20,2.0,0.0,56.3,13,home,2009
Matt CasselM. Cassel,24,13,207.0,8.6,0,1,50,0.0,0.0,65.8,44,away,2009
Tim CastilleT. Castille,1,0,0.0,0.0,0,1,0,0.0,0.0,0.0,44,away,2009
Kyle OrtonK. Orton,56,32,431.0,7.7,1,3,44,2.0,3.0,65.4,24,home,2009
