qb,att,cmp,yds,ypa,td,int,lg,sack,loss,rate,game_points,home_away,year
Tony RomoT. Romo,29,22,307,10.6,3,1,40t,2,17,129.5,24,away,2012
Eli ManningE. Manning,32,21,213,6.7,1,0,39,3,26,94.9,17,home,2012
Robert Griffin IIIR. Griffin,26,19,320,12.3,2,0,88t,2,14,139.9,40,away,2012
Drew BreesD. Brees,52,24,339,6.5,3,2,33t,2,13,70.9,32,home,2012
Sam BradfordS. Bradford,25,17,198,7.9,1,0,23t,4,25,105.1,23,away,2012
Matthew StaffordM. Stafford,48,32,355,7.4,1,3,51,1,9,69.4,27,home,2012
Tom BradyT. Brady,31,23,236,7.6,2,0,28,1,8,117.1,34,away,2012
Jake LockerJ. Locker,32,23,229,7.2,1,1,35,2,8,89.2,13,home,2012
Matt HasselbeckM. Hasselbeck,11,6,43,3.9,0,0,14,0,0,63.8,13,home,2012
Ryan TannehillR. Tannehill,36,20,219,6.1,0,3,34,2,20,39.0,10,away,2012
Matt SchaubM. Schaub,31,20,266,8.6,1,0,29,2,12,102.4,30,home,2012
Ryan FitzpatrickR. Fitzpatrick,32,18,195,6.1,3,3,30,0,0,66.5,28,away,2012
Mark SanchezM. Sanchez,27,19,266,9.9,3,1,33t,0,0,123.4,48,home,2012
Matt RyanM. Ryan,31,23,299,9.6,3,0,31,1,7,136.4,40,away,2012
Matt CasselM. Cassel,33,21,258,7.8,1,2,24,3,17,72.5,24,home,2012
Blaine GabbertB. Gabbert,39,23,260,6.7,2,0,39t,2,18,96.1,23,away,2012
Christian PonderC. Ponder,27,20,270,10.0,0,0,29,2,4,105.5,26,home,2012
Michael VickM. Vick,56,29,317,5.7,2,4,46,2,11,51.0,17,away,2012
Brandon WeedenB. Weeden,35,12,118,3.4,0,4,24,2,7,5.1,16,home,2012
Andrew LuckA. Luck,45,23,309,6.9,1,3,26,3,16,52.9,21,away,2012
Jay CutlerJ. Cutler,35,21,333,9.5,2,1,42t,2,19,98.9,41,home,2012
Cam NewtonC. Newton,33,23,303,9.2,1,2,51,3,12,83.3,10,away,2012
Josh FreemanJ. Freeman,24,16,138,5.8,1,0,33,2,10,95.5,16,home,2012
Russell WilsonR. Wilson,34,18,153,4.5,1,1,27,3,14,62.5,16,away,2012
John SkeltonJ. Skelton,28,14,149,5.3,0,1,23,1,5,51.0,20,home,2012
Kevin KolbK. Kolb,8,6,66,8.2,1,0,23,0,0,138.5,20,home,2012
Alex SmithA. Smith,26,20,211,8.1,2,0,29,4,20,125.6,30,away,2012
Aaron RodgersA. Rodgers,44,30,303,6.9,2,1,49,3,24,93.3,22,home,2012
Ben RoethlisbergerB. Roethlisberger,40,22,245,6.1,2,1,27,5,36,79.7,19,away,2012
Peyton ManningP. Manning,26,19,253,9.7,2,0,71t,2,13,129.2,31,home,2012
Andy DaltonA. Dalton,37,22,221,6.0,0,1,27,4,28,65.3,13,away,2012
Joe FlaccoJ. Flacco,29,21,299,10.3,2,0,52,3,21,128.4,44,home,2012
Tyrod TaylorT. Taylor,3,2,30,10.0,0,0,25,0,0,99.3,44,home,2012
Philip RiversP. Rivers,33,24,231,7.0,1,0,46,1,5,102.0,22,away,2012
Carson PalmerC. Palmer,46,32,297,6.5,1,0,26,3,21,94.2,14,home,2012
Jay CutlerJ. Cutler,27,11,126,4.7,1,4,22,7,52,28.2,10,away,2012
Aaron RodgersA. Rodgers,32,22,219,6.8,1,1,26t,5,31,85.3,23,home,2012
Tim MasthayT. Masthay,1,1,27,27.0,1,0,27t,0,0,158.3,23,home,2012
Brandon WeedenB. Weeden,37,26,322,8.7,2,0,27,2,13,114.9,27,away,2012
Andy DaltonA. Dalton,31,24,318,10.3,3,1,50t,6,23,128.2,34,home,2012
Matt CasselM. Cassel,42,23,301,7.2,2,1,33t,5,29,83.5,17,away,2012
Ryan FitzpatrickR. Fitzpatrick,19,10,178,9.4,2,0,49t,0,0,120.1,35,home,2012
Joe FlaccoJ. Flacco,42,22,232,5.5,1,1,40,2,18,66.8,23,away,2012
Michael VickM. Vick,32,23,371,11.6,1,2,49,2,14,94.7,24,home,2012
Christian PonderC. Ponder,35,27,245,7.0,2,0,20,4,13,114.6,20,away,2012
Andrew LuckA. Luck,31,20,224,7.2,2,0,41,2,30,107.5,23,home,2012
Kevin KolbK. Kolb,27,15,140,5.2,1,0,28,2,0,82.3,20,away,2012
Tom BradyT. Brady,46,28,316,6.9,1,1,36,4,19,79.6,18,home,2012
Drew BreesD. Brees,49,31,325,6.6,1,2,29,1,2,72.2,27,away,2012
Cam NewtonC. Newton,20,14,253,12.7,1,0,66,1,9,129.2,35,home,2012
Matt SchaubM. Schaub,35,26,195,5.6,0,0,18,0,0,87.2,27,away,2012
Blaine GabbertB. Gabbert,19,7,53,2.8,1,0,32,3,24,62.8,7,home,2012
Chad HenneC. Henne,2,2,23,11.5,0,0,12,0,0,114.6,7,home,2012
Josh FreemanJ. Freeman,28,15,243,8.7,2,2,41t,2,15,76.9,34,away,2012
Eli ManningE. Manning,51,31,510,10.0,3,3,80t,0,0,89.5,41,home,2012
Robert Griffin IIIR. Griffin,29,20,206,7.1,1,1,68t,1,9,86.3,28,away,2012
Sam BradfordS. Bradford,35,26,310,8.9,3,1,56,2,9,117.6,31,home,2012
Tony RomoT. Romo,40,23,251,6.3,1,1,26,1,4,74.1,7,away,2012
Russell WilsonR. Wilson,20,15,151,7.5,1,0,22t,2,18,112.7,27,home,2012
Carson PalmerC. Palmer,48,24,373,7.8,1,1,64t,0,0,74.4,13,away,2012
Ryan TannehillR. Tannehill,30,18,200,6.7,1,0,25,1,11,91.0,35,home,2012
Jake LockerJ. Locker,30,15,174,5.8,1,1,46,0,0,65.1,10,away,2012
Philip RiversP. Rivers,32,24,284,8.9,3,1,31,4,16,119.8,38,home,2012
Mark SanchezM. Sanchez,27,10,138,5.1,1,0,45,2,9,66.6,10,away,2012
Ben RoethlisbergerB. Roethlisberger,31,24,275,8.9,2,0,37t,3,10,125.1,27,home,2012
Matthew StaffordM. Stafford,32,19,230,7.2,1,1,50,2,16,78.9,19,away,2012
Alex SmithA. Smith,31,20,226,7.3,2,0,23t,3,25,107.7,27,home,2012
Peyton ManningP. Manning,37,24,241,6.5,1,3,18,3,23,58.5,21,away,2012
Matt RyanM. Ryan,36,24,219,6.1,2,0,21,1,11,101.5,27,home,2012
Eli ManningE. Manning,35,27,288,8.2,1,0,29,1,6,110.2,36,away,2012
David CarrD. Carr,2,1,4,2.0,0,0,4,1,6,56.2,36,away,2012
Cam NewtonC. Newton,30,16,242,8.1,0,3,33,2,21,40.6,7,home,2012
Derek AndersonD. Anderson,3,3,46,15.3,0,0,23,0,0,118.8,7,home,2012
Matt CasselM. Cassel,44,26,248,5.6,0,1,20,3,11,65.3,27,away,2012
Drew BreesD. Brees,36,20,240,6.7,3,1,36,4,35,92.4,24,home,2012
Andy DaltonA. Dalton,27,19,328,12.1,3,1,59t,2,16,132.9,38,away,2012
Mohamed SanuM. Sanu,1,1,73,73.0,1,0,73t,0,0,158.3,38,away,2012
Robert Griffin IIIR. Griffin,34,21,221,6.5,1,0,29,5,42,90.4,31,home,2012
Matthew StaffordM. Stafford,42,33,278,6.6,1,0,28,1,8,102.2,41,away,2012
Shaun HillS. Hill,13,10,172,13.2,2,0,46t,0,0,157.9,41,away,2012
Jake LockerJ. Locker,42,29,378,9.0,2,0,71t,0,0,113.0,44,home,2012
Alex SmithA. Smith,35,24,204,5.8,1,1,22,3,13,81.1,13,away,2012
Christian PonderC. Ponder,35,21,198,5.7,2,0,24,0,0,94.7,24,home,2012
Blaine GabbertB. Gabbert,21,10,155,7.4,1,0,80t,1,7,88.4,22,away,2012
Andrew LuckA. Luck,46,22,313,6.8,2,1,40t,0,0,75.7,17,home,2012
Sam BradfordS. Bradford,35,18,152,4.3,0,2,30,6,51,39.2,6,away,2012
Jay CutlerJ. Cutler,31,17,183,5.9,0,1,34,2,12,58.9,23,home,2012
Ryan FitzpatrickR. Fitzpatrick,35,22,208,5.9,3,0,32t,1,2,107.8,24,away,2012
Brandon WeedenB. Weeden,43,27,237,5.5,1,2,24,4,30,65.7,14,home,2012
Josh FreemanJ. Freeman,28,10,110,3.9,1,1,29,2,19,45.2,10,away,2012
Tony RomoT. Romo,39,25,283,7.3,0,1,49,4,24,75.1,16,home,2012
Mark SanchezM. Sanchez,45,21,306,6.8,1,2,66,1,6,58.2,23,away,2012
Tim TebowT. Tebow,0,0,0,0.0,0,0,0,1,5,0.0,23,away,2012
Ryan TannehillR. Tannehill,36,16,196,5.4,0,1,41,0,0,50.2,20,home,2012
Matt RyanM. Ryan,40,30,275,6.9,3,1,29,2,10,107.8,27,away,2012
Philip RiversP. Rivers,38,21,173,4.6,0,2,28,1,9,45.2,3,home,2012
Michael VickM. Vick,37,17,217,5.9,0,0,34,5,23,64.8,6,away,2012
Kevin KolbK. Kolb,24,17,222,9.2,2,0,37t,3,29,127.4,27,home,2012
Ben RoethlisbergerB. Roethlisberger,49,36,384,7.8,4,0,22t,1,5,123.2,31,away,2012
Carson PalmerC. Palmer,34,24,209,6.1,3,1,18,1,7,103.7,34,home,2012
Matt SchaubM. Schaub,30,17,290,9.7,4,1,60t,1,6,115.3,31,away,2012
Peyton ManningP. Manning,52,26,330,6.3,2,0,38t,3,14,83.0,25,home,2012
Tom BradyT. Brady,41,28,335,8.2,1,0,59,2,16,101.2,30,away,2012
Joe FlaccoJ. Flacco,39,28,382,9.8,3,1,41,0,0,117.7,31,home,2012
Aaron RodgersA. Rodgers,39,26,223,5.7,0,0,31,8,39,81.5,12,away,2012
Russell WilsonR. Wilson,21,10,130,6.2,2,0,41t,1,19,99.3,14,home,2012
Brandon WeedenB. Weeden,52,25,320,6.2,0,1,43,1,6,59.8,16,away,2012
Joe FlaccoJ. Flacco,46,28,356,7.7,1,1,39,4,19,83.2,23,home,2012
Matt HasselbeckM. Hasselbeck,25,17,193,7.7,2,2,25,3,18,84.2,14,away,2012
Jake LockerJ. Locker,2,0,0,0.0,0,0,0,1,8,39.6,14,away,2012
Matt SchaubM. Schaub,28,20,202,7.2,2,0,33,0,0,115.5,38,home,2012
Tom BradyT. Brady,36,22,340,9.4,3,0,41,1,7,120.1,52,away,2012
Ryan FitzpatrickR. Fitzpatrick,39,22,350,9.0,4,4,68t,3,10,81.1,28,home,2012
Alex SmithA. Smith,21,12,143,6.8,0,0,26,2,9,78.1,34,away,2012
Colin KaepernickC. Kaepernick,1,0,0,0.0,0,0,0,0,0,39.6,34,away,2012
Mark SanchezM. Sanchez,29,13,103,3.6,0,1,22,3,12,39.9,0,home,2012
Tim TebowT. Tebow,1,1,9,9.0,0,0,9,0,0,104.2,0,home,2012
Russell WilsonR. Wilson,25,17,160,6.4,0,3,17,2,20,45.8,13,away,2012
Sam BradfordS. Bradford,30,16,221,7.4,0,1,52,2,12,63.3,19,home,2012
Johnny HekkerJ. Hekker,1,1,2,2.0,1,0,2t,0,0,118.8,19,home,2012
Cam NewtonC. Newton,24,15,215,9.0,2,0,36t,3,10,119.3,28,away,2012
Armanti EdwardsA. Edwards,1,0,0,0.0,0,0,0,0,0,39.6,28,away,2012
Matt RyanM. Ryan,40,25,369,9.2,3,1,60t,7,64,107.2,30,home,2012
Christian PonderC. Ponder,26,16,111,4.3,0,0,27,2,11,71.2,20,away,2012
Matthew StaffordM. Stafford,51,30,319,6.3,0,0,26,5,33,77.2,13,home,2012
Philip RiversP. Rivers,23,18,209,9.1,2,1,33,3,20,115.4,37,away,2012
Matt CasselM. Cassel,42,24,251,6.0,2,3,29t,2,17,60.7,20,home,2012
Carson PalmerC. Palmer,34,19,202,5.9,0,0,37,3,21,73.4,6,away,2012
Peyton ManningP. Manning,38,30,338,8.9,3,0,40,0,0,130.0,37,home,2012
Matt PraterM. Prater,1,0,0,0.0,0,0,0,0,0,39.6,37,home,2012
Ryan TannehillR. Tannehill,41,26,431,10.5,1,2,80t,4,37,86.5,21,away,2012
Kevin KolbK. Kolb,48,29,324,6.8,3,2,46t,8,55,84.0,24,home,2012
Andy DaltonA. Dalton,31,20,244,7.9,2,1,42,0,0,96.7,27,away,2012
Blaine GabbertB. Gabbert,34,23,186,5.5,1,1,23,6,43,78.8,10,home,2012
Robert Griffin IIIR. Griffin,35,26,323,9.2,0,0,30,1,2,102.4,24,away,2012
Josh FreemanJ. Freeman,39,24,299,7.7,1,1,65,1,6,83.2,22,home,2012
Drew BreesD. Brees,54,35,446,8.3,3,0,80t,2,17,109.0,27,away,2012
Aaron RodgersA. Rodgers,41,31,319,7.8,4,1,20,0,0,119.9,28,home,2012
Eli ManningE. Manning,42,24,309,7.4,2,1,41,0,0,86.3,17,away,2012
Michael VickM. Vick,30,19,241,8.0,1,0,32,2,10,99.4,19,home,2012
Jay CutlerJ. Cutler,24,18,275,11.5,2,0,34t,2,8,140.1,34,away,2012
Tony RomoT. Romo,43,31,307,7.1,1,5,25,1,7,60.1,18,home,2012
Kyle OrtonK. Orton,10,9,89,8.9,1,0,21,0,0,137.1,18,home,2012
Kevin KolbK. Kolb,50,28,289,5.8,0,0,29,9,52,72.8,3,away,2012
Sam BradfordS. Bradford,21,7,141,6.7,2,1,51t,1,10,69.7,17,home,2012
Matt HasselbeckM. Hasselbeck,43,26,200,4.7,1,1,18,2,19,69.9,7,away,2012
Rusty SmithR. Smith,5,3,34,6.8,0,0,17,0,0,80.4,7,away,2012
Christian PonderC. Ponder,35,25,258,7.4,2,2,45,1,0,87.6,30,home,2012
Ryan TannehillR. Tannehill,26,17,223,8.6,0,0,30,2,12,92.3,17,away,2012
Andy DaltonA. Dalton,43,26,234,5.4,1,2,24,3,16,63.5,13,home,2012
Brandon WeedenB. Weeden,35,22,291,8.3,2,2,62t,0,0,84.3,27,away,2012
Eli ManningE. Manning,37,25,259,7.0,3,1,36,0,0,103.3,41,home,2012
Aaron RodgersA. Rodgers,32,20,235,7.3,3,1,31t,5,28,103.0,27,away,2012
Andrew LuckA. Luck,55,31,362,6.6,2,1,30,4,17,81.0,30,home,2012
Michael VickM. Vick,30,20,175,5.8,2,0,24,3,7,104.2,14,away,2012
Ben RoethlisbergerB. Roethlisberger,38,22,220,5.8,1,0,20,0,0,83.2,16,home,2012
Matt RyanM. Ryan,52,34,345,6.6,2,1,29,1,7,89.0,24,away,2012
Robert Griffin IIIR. Griffin,15,10,91,6.1,0,0,20,2,9,82.9,17,home,2012
Kirk CousinsK. Cousins,9,5,111,12.3,1,2,77t,1,6,97.2,17,home,2012
Joe FlaccoJ. Flacco,27,13,187,6.9,0,1,43,4,22,55.6,9,away,2012
Matt CasselM. Cassel,15,9,92,6.1,0,2,26,0,0,38.1,6,home,2012
Brady QuinnB. Quinn,2,2,32,16.0,0,0,20,0,0,118.8,6,home,2012
Jay CutlerJ. Cutler,39,23,292,7.5,2,1,39,1,5,88.8,41,away,2012
Blaine GabbertB. Gabbert,33,17,142,4.3,0,2,34,3,13,37.7,3,home,2012
Russell WilsonR. Wilson,25,19,221,8.8,1,2,30,2,9,82.3,16,away,2012
Cam NewtonC. Newton,29,12,141,4.9,0,0,24,4,33,56.8,12,home,2012
Ryan FitzpatrickR. Fitzpatrick,26,16,126,4.8,0,1,20,1,11,57.5,3,away,2012
Alex SmithA. Smith,24,18,303,12.6,3,0,53,0,0,156.2,45,home,2012
Colin KaepernickC. Kaepernick,1,1,7,7.0,0,0,7,0,0,95.8,45,home,2012
Peyton ManningP. Manning,44,31,337,7.7,3,0,38,2,13,115.4,21,away,2012
Tom BradyT. Brady,31,23,223,7.2,1,0,25,4,30,104.6,31,home,2012
Philip RiversP. Rivers,42,27,354,8.4,2,1,44t,5,44,96.7,24,away,2012
Drew BreesD. Brees,45,29,370,8.2,4,1,41,3,19,110.4,31,home,2012
Matt SchaubM. Schaub,28,14,209,7.5,1,1,34t,0,0,71.9,23,away,2012
Mark SanchezM. Sanchez,31,14,230,7.4,1,2,36,3,13,54.5,17,home,2012
Tim TebowT. Tebow,1,0,0,0.0,0,0,0,0,0,39.6,17,home,2012
Ben RoethlisbergerB. Roethlisberger,40,24,363,9.1,1,1,82t,1,7,87.8,23,away,2012
Matt HasselbeckM. Hasselbeck,44,25,290,6.6,1,1,37,3,25,75.0,26,home,2012
Andy DaltonA. Dalton,46,31,381,8.3,3,3,57t,2,19,87.3,24,away,2012
Brandon WeedenB. Weeden,29,17,231,8.0,2,1,71t,2,13,92.7,34,home,2012
Andrew LuckA. Luck,44,22,280,6.4,0,2,29,4,23,51.3,9,away,2012
Mark SanchezM. Sanchez,18,11,82,4.6,2,0,12,1,6,109.0,35,home,2012
Tim TebowT. Tebow,1,1,23,23.0,0,0,23,0,0,118.8,35,home,2012
Brady QuinnB. Quinn,38,22,180,4.7,0,2,19,0,0,48.1,10,away,2012
Josh FreemanJ. Freeman,26,15,328,12.6,3,1,62t,1,10,124.7,38,home,2012
Carson PalmerC. Palmer,33,23,353,10.7,1,1,49,3,28,102.2,20,away,2012
Matt RyanM. Ryan,37,24,249,6.7,1,3,26,1,8,59.4,23,home,2012
Tony RomoT. Romo,36,25,261,7.2,2,1,35,1,7,97.1,29,away,2012
Joe FlaccoJ. Flacco,26,17,234,9.0,1,0,43,1,4,106.9,31,home,2012
Sam BradfordS. Bradford,39,26,315,8.1,0,0,65,3,15,91.3,14,away,2012
Ryan TannehillR. Tannehill,29,21,185,6.4,2,0,29t,3,29,112.0,17,home,2012
Matthew StaffordM. Stafford,45,22,311,6.9,1,1,57,0,0,69.8,26,away,2012
Michael VickM. Vick,46,28,311,6.8,2,2,70t,3,25,77.4,23,home,2012
Tom BradyT. Brady,58,36,395,6.8,2,2,46t,1,7,79.3,23,away,2012
Russell WilsonR. Wilson,27,16,293,10.9,3,0,51,2,10,133.7,24,home,2012
Ryan FitzpatrickR. Fitzpatrick,32,18,153,4.8,0,0,23,2,12,68.9,19,away,2012
Brad SmithB. Smith,1,0,0,0.0,0,1,0,0,0,0.0,19,away,2012
Kevin KolbK. Kolb,26,14,128,4.9,1,1,24,5,23,64.3,16,home,2012
John SkeltonJ. Skelton,10,2,45,4.5,0,1,28,0,0,6.2,16,home,2012
Christian PonderC. Ponder,52,35,352,6.8,2,2,23,4,25,83.2,26,away,2012
Robert Griffin IIIR. Griffin,22,17,182,8.3,1,1,30,1,4,97.2,38,home,2012
Eli ManningE. Manning,28,15,193,6.9,1,0,39,0,0,87.4,26,away,2012
Alex SmithA. Smith,30,19,200,6.7,0,3,55,4,31,43.1,3,home,2012
Colin KaepernickC. Kaepernick,7,4,82,11.7,0,0,36,2,17,98.5,3,home,2012
Aaron RodgersA. Rodgers,37,24,338,9.1,6,0,48t,2,10,133.8,42,away,2012
Matt SchaubM. Schaub,33,20,232,7.0,0,2,27,3,24,56.6,24,home,2012
T.J. YatesT. Yates,5,2,23,4.6,0,1,12,0,0,15.0,24,home,2012
Peyton ManningP. Manning,30,24,309,10.3,3,1,55,0,0,129.0,35,away,2012
Philip RiversP. Rivers,41,25,241,5.9,2,4,25,4,24,54.1,24,home,2012
Russell WilsonR. Wilson,23,9,122,5.3,0,1,36,2,7,38.7,6,away,2012
Alex SmithA. Smith,23,14,140,6.1,1,1,18,2,2,74.5,13,home,2012
Drew BreesD. Brees,37,27,377,10.2,4,1,48t,0,0,130.1,35,away,2012
Josh FreemanJ. Freeman,42,24,420,10.0,3,0,95,2,9,115.2,28,home,2012
Tony RomoT. Romo,34,24,227,6.7,1,0,36,0,0,98.5,19,away,2012
Cam NewtonC. Newton,37,21,233,6.3,1,1,32,2,17,73.4,14,home,2012
John SkeltonJ. Skelton,36,25,262,7.3,1,1,22,7,32,88.0,14,away,2012
Christian PonderC. Ponder,17,8,58,3.4,1,2,14,3,15,35.5,21,home,2012
Matt HasselbeckM. Hasselbeck,33,22,205,6.2,1,0,29,2,12,93.6,35,away,2012
Ryan FitzpatrickR. Fitzpatrick,35,27,225,6.4,3,1,27t,1,9,109.8,34,home,2012
Robert Griffin IIIR. Griffin,28,20,258,9.2,2,1,30t,3,26,108.9,23,away,2012
Eli ManningE. Manning,40,26,337,8.4,1,2,77t,1,8,78.9,27,home,2012
Brandon WeedenB. Weeden,41,25,264,6.4,2,0,33t,0,0,96.0,13,away,2012
Andrew LuckA. Luck,29,16,186,6.4,0,0,30,3,13,74.8,17,home,2012
Joe FlaccoJ. Flacco,43,21,147,3.4,1,2,15t,4,26,45.4,13,away,2012
Matt SchaubM. Schaub,37,23,256,6.9,2,0,34,2,17,100.7,43,home,2012
Aaron RodgersA. Rodgers,37,30,342,9.2,3,0,52,3,10,132.2,30,away,2012
Sam BradfordS. Bradford,34,21,255,7.5,1,1,56,3,9,82.4,20,home,2012
Chad HenneC. Henne,20,9,71,3.5,0,0,26,3,26,54.4,23,away,2012
Blaine GabbertB. Gabbert,12,8,110,9.2,1,0,42t,0,0,123.6,23,away,2012
Carson PalmerC. Palmer,46,26,298,6.5,1,1,59,2,16,74.4,26,home,2012
Mark SanchezM. Sanchez,41,28,328,8.0,1,1,26,4,31,90.3,26,away,2012
Tom BradyT. Brady,42,26,259,6.2,2,0,21,1,9,95.2,29,home,2012
Ben RoethlisbergerB. Roethlisberger,37,27,278,7.5,1,1,31,3,14,91.9,24,away,2012
Antonio BrownA. Brown,1,0,0,0.0,0,0,0,0,0,39.6,24,away,2012
Andy DaltonA. Dalton,28,14,105,3.8,1,1,17,0,0,56.4,17,home,2012
Matthew StaffordM. Stafford,46,28,263,5.7,1,1,23,3,20,74.8,7,away,2012
Jay CutlerJ. Cutler,31,16,150,4.8,1,0,23,5,25,76.0,13,home,2012
Jason CampbellJ. Campbell,1,1,0,0.0,0,0,0,0,0,79.2,13,home,2012
Josh FreemanJ. Freeman,36,19,262,7.3,3,0,64t,1,5,104.2,36,away,2012
Christian PonderC. Ponder,35,19,251,7.2,1,1,33,3,22,74.8,17,home,2012
Russell WilsonR. Wilson,35,25,236,6.7,2,1,19,0,0,96.8,24,away,2012
Matthew StaffordM. Stafford,49,34,352,7.2,3,1,46t,2,21,101.7,28,home,2012
Blaine GabbertB. Gabbert,49,27,303,6.2,1,0,36,2,24,80.6,15,away,2012
Aaron RodgersA. Rodgers,35,22,186,5.3,2,0,31,2,14,95.7,24,home,2012
Tim MasthayT. Masthay,1,0,0,0.0,0,0,0,0,0,39.6,24,home,2012
Cam NewtonC. Newton,39,20,314,8.1,0,2,62,2,17,57.0,22,away,2012
Jay CutlerJ. Cutler,28,19,186,6.6,1,1,24,6,55,83.3,23,home,2012
Matt RyanM. Ryan,29,22,262,9.0,3,0,63t,2,16,137.4,30,away,2012
Michael VickM. Vick,35,21,191,5.5,1,0,32,3,13,84.3,17,home,2012
Tom BradyT. Brady,35,23,304,8.7,4,0,32,0,0,131.1,45,away,2012
Ryan MallettR. Mallett,3,1,17,5.7,0,0,17,0,0,53.5,45,away,2012
Sam BradfordS. Bradford,30,22,205,6.8,1,1,50t,2,25,88.9,7,home,2012
Kellen ClemensK. Clemens,2,1,39,19.5,0,1,39,0,0,56.2,7,home,2012
Andrew LuckA. Luck,38,26,297,7.8,1,1,22,2,11,89.5,19,away,2012
Matt HasselbeckM. Hasselbeck,29,22,236,8.1,1,0,29,2,9,110.7,13,home,2012
Philip RiversP. Rivers,34,18,154,4.5,0,0,25,1,6,65.1,6,away,2012
Brandon WeedenB. Weeden,27,11,129,4.8,0,0,26,2,12,55.9,7,home,2012
Robert Griffin IIIR. Griffin,34,16,177,5.2,1,0,37,1,8,72.8,12,away,2012
Josh MorganJ. Morgan,1,0,0,0.0,0,0,0,0,0,39.6,12,away,2012
Ben RoethlisbergerB. Roethlisberger,33,24,222,6.7,3,0,27,0,0,121.0,27,home,2012
Emmanuel SandersE. Sanders,0,0,0,0.0,0,0,0,1,7,0.0,27,home,2012
Matt MooreM. Moore,19,11,131,6.9,1,0,37,1,1,96.6,30,away,2012
Ryan TannehillR. Tannehill,5,2,18,3.6,0,0,12,1,9,50.4,30,away,2012
Mark SanchezM. Sanchez,54,28,283,5.2,1,1,23,4,25,65.6,9,home,2012
Carson PalmerC. Palmer,28,14,209,7.5,2,1,58,0,0,83.8,26,away,2012
Matt CasselM. Cassel,30,20,218,7.3,1,1,46,2,15,85.1,16,home,2012
Brady QuinnB. Quinn,4,2,1,0.2,0,1,5,1,7,16.7,16,home,2012
Eli ManningE. Manning,29,15,192,6.6,0,1,56,1,2,58.4,29,away,2012
Tony RomoT. Romo,62,36,437,7.0,1,4,55,4,22,58.3,24,home,2012
Drew BreesD. Brees,42,22,213,5.1,2,1,29t,1,12,72.8,14,away,2012
Peyton ManningP. Manning,30,22,305,10.2,3,0,41,0,0,138.9,34,home,2012
Alex SmithA. Smith,19,18,232,12.2,3,0,47t,4,28,157.1,24,away,2012
John SkeltonJ. Skelton,52,32,290,5.6,0,1,27,4,32,68.6,3,home,2012
Matt CasselM. Cassel,29,19,181,6.2,0,1,22,1,5,68.3,13,away,2012
Philip RiversP. Rivers,20,18,220,11.0,2,1,30,1,4,125.0,31,home,2012
Jay CutlerJ. Cutler,26,19,229,8.8,3,0,47,3,24,138.1,51,away,2012
Matt HasselbeckM. Hasselbeck,35,20,200,5.7,1,1,30t,2,20,71.1,20,home,2012
Matthew StaffordM. Stafford,33,22,285,8.6,0,0,38,1,0,93.6,31,away,2012
Blaine GabbertB. Gabbert,38,27,220,5.8,2,2,25,1,5,81.0,14,home,2012
John SkeltonJ. Skelton,46,23,306,6.7,1,1,40,2,20,69.7,17,away,2012
Aaron RodgersA. Rodgers,30,14,218,7.3,4,1,72t,1,10,96.9,31,home,2012
Ryan TannehillR. Tannehill,38,22,290,7.6,1,0,35,2,9,90.9,20,away,2012
Andrew LuckA. Luck,48,30,433,9.0,2,0,48,1,14,105.6,23,home,2012
Cam NewtonC. Newton,23,13,201,8.7,1,0,82,0,0,100.1,21,away,2012
Robert Griffin IIIR. Griffin,39,23,215,5.5,0,0,25,4,29,74.2,13,home,2012
Ryan FitzpatrickR. Fitzpatrick,38,25,239,6.3,0,0,28,4,9,83.1,9,away,2012
Matt SchaubM. Schaub,27,19,268,9.9,2,0,39t,2,12,126.8,21,home,2012
Joe FlaccoJ. Flacco,24,15,153,6.4,1,0,27,1,8,94.6,25,away,2012
Brandon WeedenB. Weeden,37,20,176,4.8,0,2,26,1,2,44.4,15,home,2012
Peyton ManningP. Manning,35,27,291,8.3,3,2,45,0,0,105.8,31,away,2012
Andy DaltonA. Dalton,42,26,299,7.1,1,1,52,5,24,81.3,23,home,2012
Josh FreemanJ. Freeman,30,18,247,8.2,2,0,64,1,10,108.6,42,away,2012
Carson PalmerC. Palmer,61,39,414,6.8,4,3,46,2,16,85.0,32,home,2012
Shane LechlerS. Lechler,1,1,4,4.0,0,0,4,0,0,83.3,32,home,2012
Christian PonderC. Ponder,22,11,63,2.9,0,1,14,4,19,37.3,20,away,2012
Russell WilsonR. Wilson,24,16,173,7.2,3,0,23,1,8,127.3,30,home,2012
Sidney RiceS. Rice,1,1,25,25.0,0,0,25,0,0,118.8,30,home,2012
Ben RoethlisbergerB. Roethlisberger,30,21,216,7.2,2,1,51t,4,25,98.7,24,away,2012
Eli ManningE. Manning,24,10,125,5.2,0,1,33,2,11,41.1,20,home,2012
Tony RomoT. Romo,35,25,321,9.2,1,0,65,1,9,109.3,13,away,2012
Matt RyanM. Ryan,34,24,342,10.1,0,0,48,3,12,102.8,19,home,2012
Michael VickM. Vick,41,22,272,6.6,1,1,77t,7,46,72.4,13,away,2012
Drew BreesD. Brees,27,21,239,8.9,2,0,38,2,8,128.2,28,home,2012
Andrew LuckA. Luck,26,18,227,8.7,0,1,44,2,6,80.1,27,away,2012
Blaine GabbertB. Gabbert,31,18,209,6.7,0,1,52,3,24,65.1,10,home,2012
Chad HenneC. Henne,16,10,121,7.6,1,1,26,1,6,80.5,10,home,2012
Philip RiversP. Rivers,37,29,337,9.1,3,2,80t,2,14,109.1,24,away,2012
Josh FreemanJ. Freeman,20,14,210,10.5,2,0,54,1,5,137.5,34,home,2012
Matthew StaffordM. Stafford,42,28,329,7.8,3,1,50,2,21,104.2,24,away,2012
Christian PonderC. Ponder,32,24,221,6.9,2,0,54,2,14,114.2,34,home,2012
Peyton ManningP. Manning,38,27,301,7.9,1,0,46,1,6,103.1,36,away,2012
Cam NewtonC. Newton,36,21,241,6.7,2,2,26,7,43,74.0,14,home,2012
Matt RyanM. Ryan,52,34,411,7.9,3,1,52,1,3,100.7,27,away,2012
Drew BreesD. Brees,32,21,298,9.3,3,1,46,1,6,113.8,31,home,2012
Eli ManningE. Manning,46,29,215,4.7,0,2,16,4,26,56.0,13,away,2012
Andy DaltonA. Dalton,30,21,199,6.6,4,0,56t,0,0,127.6,31,home,2012
Carson PalmerC. Palmer,45,29,368,8.2,2,1,55t,3,18,95.4,20,away,2012
Matt LeinartM. Leinart,1,0,0,0.0,0,0,0,0,0,39.6,20,away,2012
Joe FlaccoJ. Flacco,33,21,341,10.3,3,1,47t,0,0,115.8,55,home,2012
Tyrod TaylorT. Taylor,1,0,0,0.0,0,0,0,0,0,39.6,55,home,2012
Ryan FitzpatrickR. Fitzpatrick,40,27,337,8.4,2,1,25,3,18,99.7,31,away,2012
Tom BradyT. Brady,38,23,237,6.2,2,0,24,1,7,96.1,37,home,2012
Jake LockerJ. Locker,21,9,122,5.8,2,0,28,1,6,93.8,37,away,2012
Matt HasselbeckM. Hasselbeck,1,0,0,0.0,0,0,0,0,0,39.6,37,away,2012
Ryan TannehillR. Tannehill,39,23,217,5.6,0,3,17,1,8,42.4,3,home,2012
Matt MooreM. Moore,0,0,0,0.0,0,0,0,1,8,0.0,3,home,2012
Mark SanchezM. Sanchez,22,9,124,5.6,0,1,43,3,31,40.7,7,away,2012
Tim TebowT. Tebow,3,3,8,2.7,0,0,5,0,0,79.2,7,away,2012
Russell WilsonR. Wilson,19,12,188,9.9,2,0,38t,4,22,131.0,28,home,2012
Golden TateG. Tate,1,1,23,23.0,1,0,23t,0,0,158.3,28,home,2012
Sam BradfordS. Bradford,39,26,275,7.1,2,0,36t,2,16,104.1,24,away,2012
Johnny HekkerJ. Hekker,2,2,40,20.0,0,0,21,0,0,118.8,24,away,2012
Colin KaepernickC. Kaepernick,17,11,117,6.9,0,0,20,3,22,84.7,24,home,2012
Alex SmithA. Smith,8,7,72,9.0,1,0,19,2,9,143.8,24,home,2012
Tony RomoT. Romo,26,19,209,8.0,2,0,49,3,16,122.1,38,away,2012
Nick FolesN. Foles,32,22,219,6.8,1,1,44t,2,11,85.3,23,home,2012
Michael VickM. Vick,9,6,70,7.8,1,0,31,0,0,127.1,23,home,2012
Matt SchaubM. Schaub,26,14,95,3.7,1,2,23,1,7,42.9,13,away,2012
Jason CampbellJ. Campbell,19,11,94,4.9,0,0,45,0,0,70.9,6,home,2012
Jay CutlerJ. Cutler,14,7,40,2.9,0,2,14,0,0,16.7,6,home,2012
Matt CasselM. Cassel,26,11,154,5.9,0,1,38,2,6,46.0,13,away,2012
Ben RoethlisbergerB. Roethlisberger,18,9,84,4.7,1,0,20,1,3,81.7,16,home,2012
Byron LeftwichB. Leftwich,14,7,73,5.2,0,0,31,0,0,65.5,16,home,2012
Ryan TannehillR. Tannehill,28,14,141,5.0,1,2,19,3,17,46.9,14,away,2012
Ryan FitzpatrickR. Fitzpatrick,27,17,168,6.2,0,0,24,3,7,80.5,19,home,2012
Andrew LuckA. Luck,50,27,334,6.7,2,3,43t,1,5,63.2,24,away,2012
Tom BradyT. Brady,35,24,331,9.5,3,0,36,0,0,127.2,59,home,2012
Mark SanchezM. Sanchez,20,15,178,8.9,1,0,32,3,12,118.3,27,away,2012
Tim TebowT. Tebow,1,1,-1,-1.0,0,0,-1,0,0,79.2,27,away,2012
Sam BradfordS. Bradford,44,23,170,3.9,2,1,36,1,3,67.4,13,home,2012
Brandon WeedenB. Weeden,35,20,210,6.0,2,0,27,2,18,93.8,20,away,2012
Tony RomoT. Romo,50,35,313,6.3,1,0,30,7,56,93.2,23,home,2012
Josh FreemanJ. Freeman,46,25,248,5.4,3,2,24t,1,12,73.5,27,away,2012
Cam NewtonC. Newton,29,16,252,8.7,1,0,32,2,18,95.8,21,home,2012
Ryan LindleyR. Lindley,20,9,64,3.2,0,0,17,3,29,52.9,19,away,2012
John SkeltonJ. Skelton,7,2,6,0.9,0,0,5,0,0,39.6,19,away,2012
Matt RyanM. Ryan,46,28,301,6.5,0,5,37,1,5,40.5,23,home,2012
Andy DaltonA. Dalton,29,18,230,7.9,2,0,40,2,10,109.8,28,away,2012
Matt CasselM. Cassel,16,8,93,5.8,0,0,26,1,1,68.0,6,home,2012
Brady QuinnB. Quinn,14,9,95,6.8,0,0,20,3,16,83.9,6,home,2012
Aaron RodgersA. Rodgers,27,19,236,8.7,2,1,40,3,17,106.4,24,away,2012
Matthew StaffordM. Stafford,39,17,266,6.8,1,2,53,5,14,54.0,20,home,2012
Chad HenneC. Henne,33,16,354,10.7,4,0,81t,1,6,126.8,37,away,2012
Blaine GabbertB. Gabbert,2,2,24,12.0,0,0,15,1,0,116.7,37,away,2012
Matt SchaubM. Schaub,55,43,527,9.6,5,2,48t,2,23,121.7,43,home,2012
Nick FolesN. Foles,46,21,204,4.4,0,2,25,4,27,40.5,6,away,2012
Robert Griffin IIIR. Griffin,15,14,200,13.3,4,0,61t,2,8,158.3,31,home,2012
Drew BreesD. Brees,27,20,219,8.1,3,0,38t,0,0,134.6,38,away,2012
Chase DanielC. Daniel,1,1,10,10.0,0,0,10,0,0,108.3,38,away,2012
Carson PalmerC. Palmer,40,22,312,7.8,2,2,56,3,28,76.2,17,home,2012
Philip RiversP. Rivers,40,24,258,6.5,2,2,38,4,34,74.8,23,away,2012
Peyton ManningP. Manning,42,25,270,6.4,3,1,31t,3,17,92.4,30,home,2012
Joe FlaccoJ. Flacco,32,20,164,5.1,0,0,31,2,11,75.5,13,away,2012
Byron LeftwichB. Leftwich,39,18,199,5.1,0,1,37,3,24,51.1,10,home,2012
Jason CampbellJ. Campbell,22,14,107,4.9,1,2,18,6,49,52.7,7,away,2012
Colin KaepernickC. Kaepernick,23,16,243,10.6,2,0,57,1,7,133.1,32,home,2012
Kendall HunterK. Hunter,0,0,0,0.0,0,0,0,1,4,0.0,32,home,2012
Matt SchaubM. Schaub,48,29,315,6.6,1,1,43,2,19,78.0,34,away,2012
Matthew StaffordM. Stafford,61,31,441,7.2,2,0,40,3,22,85.5,31,home,2012
Robert Griffin IIIR. Griffin,27,19,304,11.3,4,1,68t,3,16,131.8,38,away,2012
Tony RomoT. Romo,62,37,441,7.1,3,2,85t,2,18,84.1,31,home,2012
Tom BradyT. Brady,27,18,323,12.0,3,0,83t,0,0,144.5,49,away,2012
Mark SanchezM. Sanchez,36,26,301,8.4,1,1,39,2,15,94.8,19,home,2012
Charlie BatchC. Batch,34,20,199,5.9,0,3,27,1,6,38.7,14,away,2012
Brandon WeedenB. Weeden,26,17,158,6.1,1,1,26,4,28,78.7,20,home,2012
Peyton ManningP. Manning,37,22,285,7.7,2,1,31,2,12,90.5,17,away,2012
Brady QuinnB. Quinn,25,13,126,5.0,0,1,21,2,10,49.8,9,home,2012
Peyton HillisP. Hillis,1,0,0,0.0,0,0,0,0,0,39.6,9,home,2012
Carson PalmerC. Palmer,34,19,146,4.3,1,1,26,4,27,64.1,10,away,2012
Andy DaltonA. Dalton,30,16,210,7.0,3,0,48,2,16,109.0,34,home,2012
Russell WilsonR. Wilson,27,21,224,8.3,2,0,32,2,8,125.9,21,away,2012
Ryan TannehillR. Tannehill,26,18,253,9.7,1,1,39,1,7,97.1,24,home,2012
Jake LockerJ. Locker,40,23,261,6.5,1,2,27,1,11,64.7,19,away,2012
Chad HenneC. Henne,26,17,261,10.0,2,1,59t,7,40,108.0,24,home,2012
Matt RyanM. Ryan,32,26,353,11.0,1,1,80t,1,8,110.0,24,away,2012
Josh FreemanJ. Freeman,30,19,256,8.5,0,0,39,2,8,90.4,23,home,2012
Mike WilliamsM. Williams,1,1,28,28.0,0,0,28,0,0,118.8,23,home,2012
Ryan FitzpatrickR. Fitzpatrick,33,17,180,5.5,1,1,63,2,11,65.2,13,away,2012
Andrew LuckA. Luck,37,20,240,6.5,1,1,25,4,15,71.9,20,home,2012
Christian PonderC. Ponder,43,22,159,3.7,1,1,25,2,15,58.2,10,away,2012
Jay CutlerJ. Cutler,31,23,188,6.1,1,1,20,1,5,86.5,28,home,2012
Joe FlaccoJ. Flacco,51,30,355,7.0,1,0,54,5,39,86.6,16,away,2012
Philip RiversP. Rivers,36,23,228,6.3,1,0,26,6,39,91.0,13,home,2012
Sam BradfordS. Bradford,17,8,205,12.1,2,1,38,2,11,106.2,31,away,2012
Kellen ClemensK. Clemens,1,0,0,0.0,0,0,0,0,0,39.6,31,away,2012
Ryan LindleyR. Lindley,52,31,312,6.0,0,4,28,2,11,44.7,17,home,2012
Colin KaepernickC. Kaepernick,25,16,231,9.2,1,1,45,0,0,90.6,31,away,2012
Drew BreesD. Brees,41,26,267,6.5,3,2,43,5,36,86.1,21,home,2012
Aaron RodgersA. Rodgers,25,14,219,8.8,1,1,61t,5,29,81.9,10,away,2012
Graham HarrellG. Harrell,2,1,11,5.5,0,0,11,0,0,66.7,10,away,2012
Eli ManningE. Manning,30,16,249,8.3,3,0,59,1,6,114.4,38,home,2012
Cam NewtonC. Newton,28,18,306,10.9,2,0,55,2,17,125.0,30,away,2012
Nick FolesN. Foles,21,16,119,5.7,0,0,16,1,12,89.2,22,home,2012
Drew BreesD. Brees,50,28,341,6.8,0,5,38,1,6,37.6,13,away,2012
Matt RyanM. Ryan,33,18,165,5.0,1,0,20,1,6,78.5,23,home,2012
Chad HenneC. Henne,42,19,202,4.8,1,1,24,3,16,57.8,18,away,2012
Ryan FitzpatrickR. Fitzpatrick,17,9,112,6.6,2,1,51,0,0,88.4,34,home,2012
Andrew LuckA. Luck,54,24,391,7.2,4,3,60,2,19,70.8,35,away,2012
Matthew StaffordM. Stafford,46,27,313,6.8,2,1,46t,0,0,84.8,33,home,2012
Cam NewtonC. Newton,27,15,232,8.6,3,0,53,2,12,121.2,21,away,2012
Brady QuinnB. Quinn,23,19,201,8.7,2,0,34,1,4,132.1,27,home,2012
Ryan LindleyR. Lindley,31,10,72,2.3,0,1,23,2,16,28.0,6,away,2012
Mark SanchezM. Sanchez,21,10,97,4.6,0,3,24,3,14,21.4,7,home,2012
Greg McElroyG. McElroy,7,5,29,4.1,1,0,13,0,0,118.5,7,home,2012
Colin KaepernickC. Kaepernick,32,21,208,6.5,0,0,30,3,17,83.9,13,away,2012
Sam BradfordS. Bradford,39,26,221,5.7,0,0,22,2,13,81.2,16,home,2012
Matt SchaubM. Schaub,35,21,207,5.9,2,0,54t,0,0,95.8,24,away,2012
Jake LockerJ. Locker,45,21,309,6.9,1,3,49,6,44,49.2,10,home,2012
Christian PonderC. Ponder,25,12,119,4.8,1,2,21,0,0,41.9,14,away,2012
Aaron RodgersA. Rodgers,35,27,286,8.2,1,1,33,2,3,98.0,23,home,2012
Tom BradyT. Brady,40,24,238,6.0,1,1,31,4,25,74.8,23,away,2012
Ryan TannehillR. Tannehill,29,13,186,6.4,0,0,28,3,10,66.2,16,home,2012
Russell WilsonR. Wilson,37,23,293,7.9,2,0,49,2,10,104.9,23,away,2012
Jay CutlerJ. Cutler,26,17,233,9.0,2,0,56,0,0,119.6,17,home,2012
Josh FreemanJ. Freeman,39,18,242,6.2,2,1,40,1,7,72.8,23,away,2012
Peyton ManningP. Manning,38,27,242,6.4,3,1,28,0,0,103.2,31,home,2012
Andy DaltonA. Dalton,38,25,211,5.6,1,2,19t,1,0,66.9,20,away,2012
Philip RiversP. Rivers,48,26,280,5.8,0,1,28,4,29,62.8,13,home,2012
Brandon WeedenB. Weeden,36,25,364,10.1,1,2,54,1,11,88.2,20,away,2012
Carson PalmerC. Palmer,54,34,351,6.5,2,1,64t,1,7,86.3,17,home,2012
Charlie BatchC. Batch,36,25,276,7.7,1,1,43,2,6,89.6,23,away,2012
Antonio BrownA. Brown,1,0,0,0.0,0,1,0,0,0,0.0,23,away,2012
Joe FlaccoJ. Flacco,34,16,188,5.5,1,1,31,3,11,61.9,20,home,2012
Nick FolesN. Foles,34,22,251,7.4,1,0,29,1,11,96.6,33,away,2012
Tony RomoT. Romo,27,22,303,11.2,3,0,36,2,9,150.5,38,home,2012
Eli ManningE. Manning,33,20,280,8.5,1,0,49,1,7,98.0,16,away,2012
Robert Griffin IIIR. Griffin,21,13,163,7.8,1,0,35,0,0,101.9,17,home,2012
Peyton ManningP. Manning,36,26,310,8.6,1,1,29,3,22,95.8,26,away,2012
Carson PalmerC. Palmer,30,19,273,9.1,2,1,58,1,10,101.1,13,home,2012
Jay CutlerJ. Cutler,44,22,260,5.9,1,2,39,2,4,57.0,14,away,2012
Jason CampbellJ. Campbell,9,6,64,7.1,1,0,18,0,0,124.3,14,away,2012
Christian PonderC. Ponder,17,11,91,5.4,0,1,16,1,14,53.8,21,home,2012
Mark SanchezM. Sanchez,19,12,111,5.8,0,0,37,1,7,79.1,17,away,2012
Chad HenneC. Henne,43,21,185,4.3,0,2,28,3,17,41.3,10,home,2012
Jake LockerJ. Locker,35,22,262,7.5,1,2,46,1,3,71.4,23,away,2012
Andrew LuckA. Luck,34,16,196,5.8,1,2,36,4,25,50.6,27,home,2012
Tony RomoT. Romo,43,25,268,6.2,1,1,27t,3,29,74.6,20,away,2012
Andy DaltonA. Dalton,33,20,206,6.2,1,1,25,5,16,76.1,19,home,2012
Philip RiversP. Rivers,41,21,200,4.9,3,0,39t,1,0,89.5,34,away,2012
Danario AlexanderD. Alexander,1,0,0,0.0,0,0,0,0,0,39.6,34,away,2012
Ben RoethlisbergerB. Roethlisberger,42,22,285,6.8,3,1,40t,2,14,87.9,24,home,2012
Sam BradfordS. Bradford,39,19,209,5.4,1,1,24,1,2,62.9,15,away,2012
Ryan FitzpatrickR. Fitzpatrick,33,25,247,7.5,1,1,34,5,27,93.9,12,home,2012
Brady QuinnB. Quinn,21,10,159,7.6,0,1,47,5,29,53.5,7,away,2012
Brandon WeedenB. Weeden,30,17,217,7.2,0,0,34,3,19,79.4,30,home,2012
Nick FolesN. Foles,51,32,381,7.5,2,0,39,6,43,98.6,23,away,2012
Josh FreemanJ. Freeman,34,14,189,5.6,2,0,40,2,11,79.2,21,home,2012
Joe FlaccoJ. Flacco,21,16,182,8.7,3,1,31t,2,9,121.4,28,away,2012
Robert Griffin IIIR. Griffin,26,15,242,9.3,1,0,31,3,24,101.8,31,home,2012
Kirk CousinsK. Cousins,2,2,26,13.0,1,0,15,0,0,158.3,31,home,2012
Matt RyanM. Ryan,49,34,342,7.0,2,1,21,2,15,94.1,20,away,2012
Cam NewtonC. Newton,35,23,287,8.2,2,0,53t,1,7,110.1,30,home,2012
Ryan TannehillR. Tannehill,33,17,150,4.5,1,0,28,2,17,74.1,13,away,2012
Colin KaepernickC. Kaepernick,23,18,185,8.0,0,0,25,4,19,100.2,27,home,2012
Drew BreesD. Brees,43,26,354,8.2,1,2,62,1,9,75.1,27,away,2012
Eli ManningE. Manning,35,22,259,7.4,4,2,35,0,0,99.6,52,home,2012
John SkeltonJ. Skelton,22,11,74,3.4,0,4,24,1,9,18.2,0,away,2012
Ryan LindleyR. Lindley,17,8,59,3.5,0,0,18,2,13,55.8,0,away,2012
Russell WilsonR. Wilson,13,7,148,11.4,1,1,67,1,7,88.0,58,home,2012
Matt FlynnM. Flynn,9,5,68,7.6,0,0,27,0,0,79.9,58,home,2012
Matthew StaffordM. Stafford,45,27,264,5.9,1,1,27,1,13,74.7,20,away,2012
Aaron RodgersA. Rodgers,24,14,173,7.2,0,0,38,3,25,80.7,27,home,2012
Matt SchaubM. Schaub,32,19,232,7.2,0,1,30,2,24,68.8,14,away,2012
T.J. YatesT. Yates,4,2,15,3.8,0,0,19,0,0,59.4,14,away,2012
Tom BradyT. Brady,35,21,296,8.5,4,0,63t,1,7,125.4,42,home,2012
Ryan MallettR. Mallett,1,0,0,0.0,0,1,0,0,0,0.0,42,home,2012
Andy DaltonA. Dalton,27,13,127,4.7,1,0,19,6,35,74.2,34,away,2012
Nick FolesN. Foles,33,16,180,5.5,1,1,46,1,3,62.7,13,home,2012
Peyton ManningP. Manning,28,17,204,7.3,1,0,51t,2,17,94.9,34,away,2012
Joe FlaccoJ. Flacco,40,20,254,6.3,2,1,61t,3,32,76.5,17,home,2012
Chad HenneC. Henne,34,18,221,6.5,0,0,38,2,8,73.3,3,away,2012
Ryan TannehillR. Tannehill,28,22,220,7.9,2,0,37,1,11,123.2,24,home,2012
Brandon FieldsB. Fields,1,0,0,0.0,0,0,0,0,0,39.6,24,home,2012
Kirk CousinsK. Cousins,37,26,329,8.9,2,1,54t,2,21,104.4,38,away,2012
Brandon WeedenB. Weeden,35,21,244,7.0,1,2,69t,2,11,66.8,21,home,2012
Christian PonderC. Ponder,24,17,131,5.5,0,0,14,2,22,83.9,36,away,2012
Sam BradfordS. Bradford,55,35,377,6.9,3,1,26,4,32,94.3,22,home,2012
Josh FreemanJ. Freeman,47,26,279,5.9,0,4,24,2,11,37.5,0,away,2012
Dan OrlovskyD. Orlovsky,7,4,51,7.3,0,0,24,0,0,80.1,0,away,2012
Drew BreesD. Brees,39,26,307,7.9,4,0,34t,1,9,124.6,41,home,2012
Eli ManningE. Manning,25,13,161,6.4,0,2,37,1,2,38.9,0,away,2012
Matt RyanM. Ryan,28,23,270,9.6,3,0,40t,1,5,142.6,34,home,2012
Andrew LuckA. Luck,27,13,186,6.9,2,0,61t,5,38,95.6,17,away,2012
Matt SchaubM. Schaub,31,23,261,8.4,1,0,52,3,22,109.7,29,home,2012
Aaron RodgersA. Rodgers,36,23,291,8.1,3,0,31,3,13,116.8,21,away,2012
Jay CutlerJ. Cutler,21,12,135,6.4,1,1,18,4,28,72.5,13,home,2012
Russell WilsonR. Wilson,23,14,205,8.9,1,0,44,2,9,104.4,50,away,2012
Ryan FitzpatrickR. Fitzpatrick,38,21,217,5.7,1,2,25,3,32,58.8,17,home,2012
Tyler ThigpenT. Thigpen,5,3,30,6.0,0,0,12,0,0,77.1,17,home,2012
Cam NewtonC. Newton,33,19,231,7.0,2,0,45t,2,14,99.4,31,away,2012
Philip RiversP. Rivers,23,16,121,5.3,1,0,30,6,27,96.5,7,home,2012
Matthew StaffordM. Stafford,50,24,246,4.9,0,3,30,2,18,37.6,10,away,2012
Ryan LindleyR. Lindley,21,14,104,5.0,0,1,25,1,7,58.4,38,home,2012
Brady QuinnB. Quinn,32,18,136,4.2,0,1,31,4,27,53.6,0,away,2012
Carson PalmerC. Palmer,29,18,182,6.3,0,0,19,0,0,80.0,15,home,2012
Terrelle PryorT. Pryor,1,0,0,0.0,0,0,0,0,0,39.6,15,home,2012
Ben RoethlisbergerB. Roethlisberger,40,24,339,8.5,2,1,60,4,20,93.6,24,away,2012
Tony RomoT. Romo,42,30,341,8.1,2,0,29,1,13,111.3,27,home,2012
Colin KaepernickC. Kaepernick,25,14,221,8.8,4,1,38t,1,13,108.5,41,away,2012
Tom BradyT. Brady,65,36,443,6.8,1,2,53,3,18,68.9,34,home,2012
Mark SanchezM. Sanchez,28,13,131,4.7,1,4,22,3,22,32.6,10,away,2012
Tim TebowT. Tebow,1,0,0,0.0,0,0,0,1,2,39.6,10,away,2012
Jake LockerJ. Locker,22,13,149,6.8,0,0,30,4,22,79.5,14,home,2012
Matt RyanM. Ryan,32,25,279,8.7,4,0,44t,1,8,142.6,31,away,2012
Matthew StaffordM. Stafford,56,37,443,7.9,0,1,49,0,0,82.7,18,home,2012
Andy DaltonA. Dalton,41,24,278,6.8,0,2,25,6,25,58.8,13,away,2012
Ben RoethlisbergerB. Roethlisberger,28,14,220,7.9,1,2,60t,4,35,58.6,10,home,2012
Eli ManningE. Manning,28,14,150,5.4,1,0,43,3,31,78.0,14,away,2012
Joe FlaccoJ. Flacco,36,25,309,8.6,2,0,43,0,0,114.2,33,home,2012
Ryan FitzpatrickR. Fitzpatrick,35,20,240,6.9,1,1,41,2,13,75.9,10,away,2012
Ryan TannehillR. Tannehill,25,13,130,5.2,2,0,30,2,11,93.8,24,home,2012
Sam BradfordS. Bradford,27,13,196,7.3,2,1,80t,0,0,81.7,28,away,2012
Josh FreemanJ. Freeman,54,30,372,6.9,1,4,61t,5,23,52.4,13,home,2012
Matt LeinartM. Leinart,32,16,115,3.6,0,1,20,1,9,45.7,6,away,2012
Carson PalmerC. Palmer,3,3,31,10.3,0,0,22,0,0,109.7,6,away,2012
Terrelle PryorT. Pryor,1,1,5,5.0,0,0,5,0,0,87.5,6,away,2012
Cam NewtonC. Newton,29,18,170,5.9,1,1,23t,2,11,75.4,17,home,2012
Robert Griffin IIIR. Griffin,24,16,198,8.2,2,1,29,1,13,102.4,27,away,2012
Nick FolesN. Foles,48,32,345,7.2,1,1,38,5,24,85.9,20,home,2012
Jake LockerJ. Locker,30,13,140,4.7,1,2,39,7,39,41.0,7,away,2012
Aaron RodgersA. Rodgers,38,27,342,9.0,3,0,34,1,8,125.1,55,home,2012
Graham HarrellG. Harrell,2,1,9,4.5,0,0,9,0,0,62.5,55,home,2012
Drew BreesD. Brees,53,37,446,8.4,3,0,60,0,0,114.2,34,away,2012
Tony RomoT. Romo,43,26,416,9.7,4,0,58t,2,10,123.8,31,home,2012
Andrew LuckA. Luck,35,17,205,5.9,1,0,33,3,7,76.5,20,away,2012
T.Y. HiltonT. Hilton,1,0,0,0.0,0,0,0,0,0,39.6,20,away,2012
Brady QuinnB. Quinn,22,10,162,7.4,0,2,57,1,7,32.8,13,home,2012
Tom BradyT. Brady,41,24,267,6.5,2,2,32,3,21,73.9,23,away,2012
Chad HenneC. Henne,51,29,348,6.8,1,3,53,1,5,59.9,16,home,2012
Christian PonderC. Ponder,30,16,174,5.8,1,0,32,1,3,81.8,23,away,2012
Matt SchaubM. Schaub,32,18,178,5.6,0,0,19,3,25,72.1,6,home,2012
T.J. YatesT. Yates,1,0,0,0.0,0,0,0,1,0,39.6,6,home,2012
Brandon WeedenB. Weeden,19,12,104,5.5,0,0,21,2,16,77.5,12,away,2012
Colt McCoyC. McCoy,17,9,79,4.6,1,0,21,4,25,85.2,12,away,2012
Peyton ManningP. Manning,43,30,339,7.9,3,1,36,0,0,106.6,34,home,2012
Colin KaepernickC. Kaepernick,36,19,244,6.8,1,1,35,1,13,72.0,13,away,2012
Russell WilsonR. Wilson,21,15,171,8.1,4,1,43,1,1,115.3,42,home,2012
Sidney RiceS. Rice,1,0,0,0.0,0,0,0,0,0,39.6,42,home,2012
Jay CutlerJ. Cutler,26,12,146,5.6,1,0,35,1,1,76.8,28,away,2012
Ryan LindleyR. Lindley,30,17,141,4.7,0,1,18,2,15,55.0,13,home,2012
Brian HoyerB. Hoyer,19,11,105,5.5,0,1,24,2,12,51.4,13,home,2012
Philip RiversP. Rivers,22,11,165,7.5,2,0,37t,4,29,105.3,27,away,2012
Greg McElroyG. McElroy,24,14,185,7.7,0,1,30,11,71,65.5,17,home,2012
Jeremy KerleyJ. Kerley,1,1,42,42.0,0,0,42,0,0,118.8,17,home,2012
Matt SchaubM. Schaub,36,24,275,7.6,0,2,39,4,25,66.3,16,away,2012
Andrew LuckA. Luck,28,14,191,6.8,2,0,70t,1,7,96.0,28,home,2012
Josh FreemanJ. Freeman,35,19,222,6.3,1,1,27,0,0,71.4,22,away,2012
Matt RyanM. Ryan,44,28,238,5.4,1,0,28,2,25,85.2,17,home,2012
Thaddeus LewisT. Lewis,32,22,204,6.4,1,1,23,3,14,83.3,10,away,2012
Josh JohnsonJ. Johnson,0,0,0,0.0,0,0,0,1,8,0.0,10,away,2012
Ben RoethlisbergerB. Roethlisberger,23,15,134,5.8,3,0,16,2,13,120.3,24,home,2012
Aaron RodgersA. Rodgers,40,28,365,9.1,4,0,73,5,32,131.8,34,away,2012
Christian PonderC. Ponder,28,16,234,8.4,3,0,65,1,7,120.2,37,home,2012
Tyrod TaylorT. Taylor,25,15,149,6.0,0,1,23,3,30,60.2,17,away,2012
Joe FlaccoJ. Flacco,8,4,34,4.2,0,0,24,1,7,61.5,17,away,2012
Andy DaltonA. Dalton,15,10,78,5.2,1,0,17,2,1,101.5,23,home,2012
Bruce GradkowskiB. Gradkowski,11,5,65,5.9,0,0,44,0,0,64.6,23,home,2012
Jay CutlerJ. Cutler,31,18,257,8.3,1,0,60t,2,12,95.8,26,away,2012
Matthew StaffordM. Stafford,42,24,272,6.5,3,1,28,1,17,90.6,24,home,2012
Ryan TannehillR. Tannehill,35,20,235,6.7,0,1,22,7,26,65.8,0,away,2012
Tom BradyT. Brady,36,22,284,7.9,2,0,25,1,8,104.4,28,home,2012
Tony RomoT. Romo,37,20,218,5.9,2,3,25,2,22,55.9,18,away,2012
Robert Griffin IIIR. Griffin,18,9,100,5.6,0,0,18,1,13,66.9,28,home,2012
Mark SanchezM. Sanchez,35,17,205,5.9,0,1,40,1,6,55.1,9,away,2012
Ryan FitzpatrickR. Fitzpatrick,26,12,225,8.7,1,0,66t,0,0,89.4,28,home,2012
Michael VickM. Vick,35,19,197,5.6,1,1,36,1,4,68.4,7,away,2012
Trent EdwardsT. Edwards,2,2,14,7.0,0,0,8,0,0,95.8,7,away,2012
Eli ManningE. Manning,21,13,208,9.9,5,0,41,1,11,134.5,42,home,2012
David CarrD. Carr,1,1,15,15.0,0,0,15,0,0,118.8,42,home,2012
Chad HenneC. Henne,41,25,298,7.3,2,3,30t,7,45,69.0,20,away,2012
Jake LockerJ. Locker,15,9,152,10.1,0,0,42,2,10,94.3,38,home,2012
Cam NewtonC. Newton,33,16,248,7.5,0,1,34,1,3,61.2,44,away,2012
Derek AndersonD. Anderson,1,1,12,12.0,0,0,12,0,0,116.7,44,away,2012
Drew BreesD. Brees,43,29,396,9.2,4,1,51,2,18,118.0,38,home,2012
Sam BradfordS. Bradford,42,25,252,6.0,1,1,37,0,0,74.7,13,away,2012
Russell WilsonR. Wilson,19,15,250,13.2,1,0,49,6,41,136.3,20,home,2012
Brian HoyerB. Hoyer,34,19,225,6.6,1,1,53,2,18,73.8,13,away,2012
Colin KaepernickC. Kaepernick,28,16,276,9.9,2,0,49t,1,4,114.6,27,home,2012
Alex SmithA. Smith,1,1,6,6.0,0,0,6,0,0,91.7,27,home,2012
Terrelle PryorT. Pryor,28,13,150,5.4,2,1,38,0,0,72.0,21,away,2012
Philip RiversP. Rivers,17,13,151,8.9,2,0,34t,2,11,142.0,24,home,2012
Brady QuinnB. Quinn,16,7,49,3.1,0,0,16,4,23,51.3,3,away,2012
Peyton ManningP. Manning,29,23,304,10.5,3,0,36,0,0,144.8,38,home,2012
Brock OsweilerB. Osweiler,4,2,12,3.0,0,0,7,0,0,56.2,38,home,2012
